z,mu,muerr
0.014650152865673846,34.0438,0.1086
0.014757347957741673,33.8351,0.1032
0.015161260776052139,33.884,0.1032
0.015450032438885338,34.1137,0.1114
0.0155,33.9603,0.1084
0.015602960735437987,34.0902,0.1089
0.01577087546351791,33.9332,0.1091
0.015913522741750234,33.9258,0.1092
0.016037964165077863,33.8986,0.1032
0.016130000000000002,34.0431,0.1035
0.016192846320807495,34.0132,0.1125
0.016201416676499655,33.9733,0.1034
0.016428935797548144,33.8688,0.1033
0.016613228734059637,34.3565,0.1127
0.016664622765790265,34.1317,0.1133
0.01684,34.4184,0.1123
0.016885085819165837,34.3143,0.1115
0.016966040809290848,34.3486,0.1116
0.01701,34.3625,0.114
0.01707041014931754,33.7642,0.103
0.017113455073190682,33.9957,0.1127
0.017139886377335326,34.1592,0.1124
0.017277470983946254,34.1088,0.1091
0.01732,33.949,0.1073
0.017342529341265733,34.3449,0.1053
0.017383579572462372,34.1236,0.1115
0.017407636965415852,34.3593,0.1065
0.017436291876777425,34.1057,0.1121
0.017445688753048316,34.1733,0.1131
0.017460860025196503,34.3879,0.1068
0.017471147335284706,34.1676,0.1128
0.01749882867827611,34.3759,0.1067
0.017510536927975585,34.1802,0.1089
0.017527232176650382,34.184,0.1123
0.017588819102523905,34.0729,0.1118
0.0176,34.1907,0.1114
0.017769009431194333,34.2681,0.1127
0.01790827764531825,34.1276,0.1043
0.017947117566814944,34.139,0.113
0.017993586880057796,34.4218,0.1071
0.01802,34.3019,0.1077
0.018054193975141155,34.2086,0.109
0.018165165836821894,34.3036,0.1126
0.018278121703315706,34.2001,0.1122
0.01828676988234357,34.1298,0.1085
0.018295563834946398,34.4288,0.1076
0.018344088122711415,34.2795,0.1067
0.01838258698348698,34.2706,0.1047
0.01848358493044406,34.3157,0.1068
0.018580396089988162,34.1065,0.1061
0.01860591479166091,34.4894,0.1039
0.018650075475402334,34.3279,0.1048
0.01884,34.3098,0.1071
0.01889060051348816,34.3157,0.1065
0.01892,33.8742,0.125
0.01898457002558013,34.3117,0.1131
0.019025822194041208,34.5216,0.1088
0.019123547985352263,34.1324,0.1069
0.019126078021384055,34.4367,0.1089
0.019245360665895828,34.4718,0.1036
0.01925,34.3873,0.107
0.01946885356250999,34.5554,0.1037
0.019479685186532675,34.3788,0.1062
0.019563050646019577,34.4429,0.1071
0.01988481155869461,34.2158,0.1045
0.01995222300760095,34.533,0.1027
0.019971049086910712,34.4263,0.1085
0.020076447557628985,34.186,0.1061
0.02015,34.6917,0.1089
0.02020593068911801,34.4701,0.1075
0.02025,34.4386,0.1036
0.02028,34.4332,0.1026
0.02037633204694321,34.1971,0.1029
0.020396895762278763,34.1148,0.1242
0.020424305237243964,34.4386,0.1028
0.020424576991338813,34.2276,0.1063
0.020551562251267544,34.0487,0.1041
0.02059959292925117,34.3038,0.1034
0.021079883335599566,34.5436,0.1078
0.021080999412593008,34.4387,0.1093
0.021374375931673174,34.0359,0.1492
0.02187290723782563,34.6247,0.1096
0.02220011599704653,34.6337,0.1079
0.0223746160606273,34.7518,0.1087
0.022492367429500084,34.7577,0.1072
0.022551156532709928,34.6976,0.1058
0.022708806199663135,34.8165,0.1071
0.02286,34.915,0.1103
0.022890447721037946,34.6227,0.1064
0.023047614613122176,34.6259,0.1062
0.02306,34.8191,0.108
0.023081203756888727,34.8018,0.1062
0.02321,34.8137,0.1064
0.02326014427104091,35.0096,0.1056
0.02327,34.5563,0.1085
0.02332,34.7534,0.1077
0.02355763983229331,34.7665,0.1063
0.023616062476485282,34.5961,0.1072
0.023701120253202933,34.8041,0.1064
0.023929481714313142,34.5794,0.1071
0.023993223688602,34.9041,0.1062
0.023995420226100034,35.1292,0.1094
0.024068175382763166,34.9514,0.1057
0.02415431261942839,35.0049,0.1056
0.02417261126177433,35.1909,0.1122
0.024174279467194394,35.1695,0.1042
0.024215789192306537,34.8208,0.1062
0.024404268629923124,34.9666,0.1099
0.024568172232617577,34.9486,0.1106
0.02468,34.9011,0.107
0.02494,35.05,0.1056
0.02504625910273084,34.8256,0.1081
0.02507,34.6058,0.105
0.025089403145681984,34.7847,0.1063
0.025209055288176626,34.9801,0.1051
0.025272706148570166,35.0222,0.1121
0.025316868962248967,34.8868,0.1068
0.02551,35.0309,0.1043
0.02565,34.9125,0.1051
0.02567,34.9414,0.1102
0.025759538434471367,35.1401,0.1044
0.025903974503200616,34.7414,0.1082
0.02596963291048074,35.112,0.1081
0.02604,35.1748,0.1109
0.02612165458784033,35.0481,0.1044
0.0261647661663414,34.9793,0.1132
0.02648,35.0183,0.1151
0.02650746248647204,34.9249,0.1051
0.02663424628676335,35.3167,0.1067
0.02675646155419763,35.0917,0.1067
0.02678,35.067,0.1101
0.026845184280135676,34.8328,0.1055
0.02702578039687134,35.0157,0.105
0.02710636055300339,35.0983,0.1112
0.02735,35.0615,0.1049
0.02746217131147129,35.1502,0.1051
0.027627773191014504,34.8521,0.1087
0.027749056921106918,34.8287,0.1086
0.02782,35.1444,0.1072
0.028077902764654297,34.8428,0.1038
0.02809,35.1931,0.1066
0.02812,35.4223,0.1064
0.02834,35.0576,0.109
0.028456881849315337,35.3386,0.1094
0.02852,35.243,0.1052
0.028613611500475478,34.9835,0.1046
0.02878556017009135,35.2241,0.1091
0.028898044519167804,35.4647,0.1072
0.02902,35.1967,0.1059
0.02910664609202177,35.6379,0.1129
0.029146767956824228,35.5192,0.1065
0.02918528884315144,35.0878,0.1058
0.029588487103924924,35.3044,0.1104
0.02992,35.542,0.1115
0.030019419763301868,35.3543,0.1061
0.030060000000000007,35.2566,0.111
0.03036,35.4707,0.1061
0.03047600955160852,35.4008,0.1119
0.030554900748470604,35.4878,0.108
0.03059363872902488,35.3593,0.1074
0.03066034052057764,35.2874,0.1078
0.030722463890346722,35.1935,0.1111
0.03074,35.3206,0.1128
0.03081,35.4239,0.1059
0.03093094435544844,35.0388,0.105
0.031109191191977508,35.548,0.1105
0.031185800812703546,35.4503,0.113
0.031215139993213206,35.4032,0.1072
0.03150352654125238,35.3978,0.1062
0.03151273150813272,35.1585,0.1066
0.03194,35.4784,0.108
0.03238310111991947,35.4454,0.1135
0.03244849762638718,35.525,0.1072
0.03288212031866917,35.7465,0.1083
0.033089999999999994,35.5932,0.1154
0.03388070703354665,35.5464,0.1055
0.0343,35.5487,0.1059
0.03436266027877709,35.5895,0.1068
0.03442,35.6293,0.1065
0.0344706970731609,35.8454,0.1067
0.034487214784018894,35.9072,0.107
0.03461490499507809,35.7322,0.1065
0.03468,35.8262,0.1065
0.03486,35.5723,0.1112
0.03505,35.7645,0.1099
0.035142713393206584,35.5886,0.1133
0.0353243635579837,35.7965,0.1193
0.035424315870077126,35.8502,0.112
0.03556,35.565,0.1114
0.03562,35.7363,0.1171
0.036108458365609,35.6867,0.106
0.03672,35.7608,0.1048
0.0371,35.7733,0.1153
0.038360000000000005,35.8249,0.1136
0.03889554179775151,35.8782,0.1118
0.03923605662115177,36.0451,0.116
0.0393,35.9941,0.1118
0.03967544081511547,35.7129,0.1105
0.041588077492366905,36.0146,0.1086
0.04191,36.2273,0.1105
0.04269,36.2055,0.1076
0.04278,36.1724,0.1133
0.04348412737988688,36.1062,0.1175
0.04382351415625316,36.235,0.1087
0.04385,36.236,0.1173
0.045610000000000005,36.2972,0.1063
0.046110000000000005,36.2962,0.1071
0.04704687464925214,36.1262,0.1166
0.04878,36.5597,0.1196
0.04899688332316411,36.2881,0.1154
0.05167961706522551,36.4651,0.1184
0.0518,36.3304,0.117
0.052729999999999985,36.611,0.1352
0.054000000000000006,36.587,0.1084
0.0869703,37.6038,0.1119
0.10105,38.309,0.1153
0.10605,38.3056,0.7443
0.1298,38.8772,0.1196
0.13806,38.7605,0.1109
0.13915,43.7713,0.1494
0.15633,39.2695,0.1292
0.17072,44.1498,0.2486
0.17606,39.3603,0.1102
0.1786,39.5593,0.1099
0.1796,39.3292,0.1103
0.18715,39.4545,0.1199
0.18943,39.4607,0.1182
0.19677,39.75,0.1145
0.19695,39.8873,0.1274
0.20043,39.6868,0.1154
0.20798000000000005,43.9236,0.2495
0.20825,43.12,0.2702
0.21013,43.7737,0.2062
0.21694000000000002,39.8016,0.1162
0.21785,40.0325,0.1331
0.22200999999999999,40.1616,0.1421
0.22729000000000002,43.3874,0.2752
0.22937,40.0324,0.1399
0.23185,40.0764,0.1174
0.23615999999999998,40.1893,0.1157
0.2477800000000001,40.1734,0.1108
0.24985,44.8305,0.3786
0.24999000000000002,44.2448,0.2155
0.25573,40.3317,0.1109
0.26446,43.0632,0.2888
0.26465,40.5056,0.1121
0.26534,44.9037,0.2857
0.26576,42.7271,0.3336
0.26605999999999996,44.8554,0.3685
0.26979000000000003,44.0891,0.2304
0.26994,43.5608,0.2279
0.27201,40.4564,0.1248
0.27393,40.5914,0.1698
0.27492,40.5997,0.1132
0.27547,44.4393,0.2002
0.27778,40.5202,0.1106
0.27835,40.5554,0.1108
0.27931,42.6318,0.2536
0.28619,44.3206,0.2987
0.28631999999999996,40.4566,0.111
0.28761,40.7324,0.1109
0.28784,40.6398,0.1125
0.28876,44.0803,0.4366
0.29072,40.7342,0.1131
0.2917,40.9989,0.3592
0.29216,43.5821,0.3296
0.29245,40.7048,0.1114
0.29288000000000003,44.228,0.272
0.29459,42.3318,0.2776
0.29668,40.6509,0.113
0.2967,42.8575,0.1418
0.29885,40.897,0.1109
0.29964,40.7185,0.1115
0.2998,41.8575,0.9264
0.3,40.7868,0.194
0.30112,42.8401,0.2468
0.30205,41.7868,0.3779
0.30356,40.6532,0.1107
0.30506,40.8694,0.1166
0.30554000000000003,40.7026,0.1113
0.30817,40.8721,0.1115
0.30888000000000004,43.6872,0.3504
0.30979,44.1164,0.1542
0.30985999999999997,45.4962,0.3657
0.31049,44.6321,0.233
0.31475,40.7325,0.1136
0.31586,40.9604,0.12
0.31775,40.93,0.1147
0.3178,40.7351,0.1171
0.3179,44.9268,0.2459
0.31859,40.7465,0.1124
0.31995999999999997,43.1893,0.3723
0.32166999999999996,44.8581,0.2556
0.32452,41.0026,0.1098
0.32536,43.1394,0.2153
0.32541,43.6858,0.2492
0.32841,42.9171,0.189
0.32976,41.0115,0.1112
0.33446,44.7112,0.2242
0.33516999999999997,40.8774,0.1132
0.33542,41.0528,0.1103
0.33569,44.8107,0.2289
0.33571,40.9303,0.1121
0.33907,44.8195,0.2299
0.3392,44.2711,0.1526
0.34002,40.9929,0.1397
0.34203,42.6324,0.5267
0.34279,44.0123,0.3672
0.34397,45.3185,0.2292
0.34457,42.2752,0.2769
0.34812,41.0136,0.1144
0.34833000000000003,44.9722,0.2751
0.34839000000000003,44.5444,0.328
0.34934,41.1485,0.1294
0.34947,45.4095,0.292
0.35003,41.0098,0.1191
0.35026999999999997,41.2693,0.1109
0.35028000000000004,45.9599,0.2897
0.35115999999999997,41.0096,0.1614
0.35131,41.3461,0.1243
0.35274,41.2088,0.1142
0.35322,40.9757,0.118
0.35353,41.2074,0.1117
0.35413,43.8029,0.1386
0.35486,45.0148,0.2539
0.35508,44.7417,0.3624
0.35538000000000003,45.0363,0.3676
0.35635,44.2121,0.2858
0.35698,41.1118,0.1144
0.358,43.8433,0.1501
0.35864,41.096,0.1119
0.35906,44.536,0.1658
0.35944,41.1501,0.1112
0.36073,41.2365,0.111
0.36143000000000003,41.339,0.1151
0.3619,42.4868,0.5944
0.36193000000000003,41.2946,0.117
0.36426,41.3227,0.1355
0.3643,41.2599,0.5544
0.36469,41.4351,0.1111
0.36593000000000003,41.1743,0.1135
0.36651999999999996,43.1781,0.168
0.36698000000000003,44.1582,0.2709
0.36705,44.3705,0.2094
0.36746,41.1742,0.1113
0.36846999999999996,44.7119,0.1895
0.36969,44.0019,0.1865
0.37011,43.7722,0.3255
0.37012,41.3125,0.128
0.37031,41.2047,0.1116
0.37235999999999997,44.1987,0.1536
0.37303000000000003,45.0314,0.1983
0.37323,41.2748,0.1112
0.37342,43.589,0.137
0.37413,43.0102,0.607
0.37424,44.8224,0.2283
0.37466,44.9093,0.2439
0.37527,44.1248,0.2045
0.37540999999999997,41.3113,0.3024
0.3759,41.3359,0.1109
0.37598000000000004,41.2065,0.1128
0.37606999999999996,43.4333,0.2708
0.37718,41.0503,1.3204
0.3779,43.3843,0.228
0.378,44.8096,0.2856
0.37889,43.8054,0.1925
0.3794,41.1718,0.1163
0.37956999999999996,41.3449,0.1113
0.37981,45.1944,0.2824
0.38018,42.6183,0.3039
0.38122,41.2511,0.1141
0.38125,41.1951,0.345
0.38137,45.3249,0.1785
0.38168,44.8201,0.1992
0.3819,41.3224,0.1119
0.38214000000000004,43.7632,0.2628
0.38459,42.3278,0.1229
0.38568,41.4302,0.1193
0.38616999999999996,41.0776,0.13
0.38622,44.1614,0.2116
0.38655,45.2242,0.2877
0.38658000000000003,45.1329,0.3284
0.38692,41.3948,0.1157
0.38704,42.7038,0.3399
0.38906,41.3415,0.1129
0.38918,41.5845,0.1397
0.39045,45.0642,0.2829
0.3908,41.3982,0.1106
0.39226,41.5729,0.1088
0.39338,44.0161,0.1761
0.3946,45.3126,0.3409
0.39571999999999996,41.4656,0.1097
0.39574000000000004,41.3527,0.1155
0.39594,45.1805,0.2702
0.39598,41.2317,0.1089
0.39721999999999996,43.2687,0.3894
0.39731,41.413,0.1108
0.39793,41.5776,0.1107
0.39848,42.0554,0.3942
0.40009,41.4665,0.6811
0.40024,41.3911,0.1107
0.40066,41.4357,0.109
0.40107,45.0849,0.2257
0.4013,41.487,0.1155
0.4015,44.5993,0.4582
0.4031,41.5261,0.1131
0.40392,41.2189,0.1123
0.4041762529979768,45.4923,0.3581
0.40488,41.5172,0.1236
0.40533,41.4131,0.1185
0.40662,43.129,0.2579
0.411,41.5377,0.3184
0.41102,41.5454,0.1096
0.41121,44.9111,0.26
0.41157,43.0804,0.2053
0.4119600000000001,44.1222,0.1776
0.41205,41.3238,0.1459
0.413,41.5305,0.1126
0.41395,45.831,0.2754
0.41536999999999996,41.4675,0.1103
0.41565,44.8938,0.2629
0.4158,41.6416,0.1114
0.41589,41.66,0.1092
0.41657,41.4043,0.1087
0.41798,41.4753,0.1224
0.41805,41.6601,0.1257
0.4192,41.5421,0.1095
0.4193,41.5191,0.1096
0.41958999999999996,43.5267,0.2372
0.42191999999999996,46.61,0.4053
0.42339,41.4449,0.1125
0.42385,41.6423,0.1102
0.4239600000000001,41.513,0.1296
0.4244,41.5279,0.1098
0.4246,42.2176,0.5298
0.42496999999999996,43.5437,0.4166
0.42611000000000004,41.6857,0.1095
0.42668,44.731,0.338
0.42735,44.2313,0.3196
0.43113,41.8005,0.1136
0.43233999999999995,45.5192,0.2259
0.43367,41.7059,0.1131
0.4342,41.6011,0.3342
0.43448000000000003,45.4961,0.2723
0.43483999999999995,45.1703,0.2589
0.43546,41.7574,0.1123
0.4356600000000001,42.5061,0.1936
0.4358800000000001,41.6197,0.1114
0.43612,41.6094,0.1106
0.43826000000000004,45.3447,0.2675
0.43961999999999996,41.5527,0.2278
0.43963,41.7396,0.3883
0.44033999999999995,41.8028,0.1122
0.44285,41.4553,0.111
0.44347,41.7221,0.1108
0.44454,41.6777,0.1104
0.4448,41.7468,0.1794
0.44528999999999996,45.7316,0.2432
0.44568,41.7952,0.1152
0.44682,41.2998,0.2258
0.44703999999999994,41.5461,0.1301
0.44778,41.7718,0.1224
0.44778999999999997,43.9515,0.1565
0.448,41.8505,0.1361
0.44814,41.7462,0.1124
0.44827,44.6086,0.2605
0.44928999999999997,45.4346,0.2779
0.45038,41.7097,0.1115
0.45182,41.7982,0.1114
0.4525,43.7486,0.2088
0.45252,41.8078,0.1096
0.4533100000000001,41.814,0.113
0.4536600000000001,41.7743,0.2014
0.45382,43.026,0.1738
0.45393999999999995,41.3668,0.3745
0.45443,43.2562,0.4953
0.45448999999999995,44.1716,0.5101
0.45483,41.8305,0.1127
0.45488999999999996,41.637,0.1137
0.45523,42.024,0.1245
0.45592,41.5806,0.1877
0.45679,41.7637,0.1691
0.45697,41.95,0.1614
0.45724,41.7852,0.1115
0.4573,41.8321,0.1131
0.45748,41.8186,0.1102
0.45776999999999995,44.4312,0.3717
0.45963999999999994,44.7493,0.2177
0.4597600000000001,44.5818,0.1625
0.46001000000000003,41.7519,0.111
0.46065,44.9117,0.208
0.4608100000000001,41.8053,0.1317
0.46098999999999996,41.81,0.115
0.46126999999999996,41.8227,0.122
0.46169,44.8513,0.1983
0.46187,41.6331,0.1195
0.46216,41.7968,0.1104
0.4631,45.3539,0.22
0.4633600000000001,41.6602,0.116
0.46338,41.7585,0.1159
0.46671999999999997,45.8323,0.3002
0.46675,43.7769,0.2929
0.46683,41.8315,0.1105
0.46766,41.827,0.1157
0.46779,43.3054,0.3357
0.46811,41.7476,0.1133
0.46847,41.9289,0.1142
0.46883,44.9838,0.2081
0.4688600000000001,41.8745,0.1124
0.469,41.7887,0.1145
0.4694100000000001,42.06,0.494
0.46942,42.0142,0.114
0.4697,41.7969,0.1151
0.47063,41.8505,0.123
0.4708,41.864,0.1107
0.47106000000000003,41.966,0.1322
0.47115,44.1827,0.2365
0.47139,42.0541,0.1142
0.47153999999999996,41.956,0.1117
0.47362,42.2899,0.8275
0.47381,41.7185,0.1141
0.47473000000000004,41.8597,0.1112
0.47492,42.0616,0.1143
0.47526999999999997,41.9297,0.2491
0.4764100000000001,44.6769,0.1845
0.47685,42.0037,0.1178
0.47708,42.0167,0.1118
0.47728000000000004,41.8979,0.1105
0.4774100000000001,41.9586,0.1117
0.47808999999999996,41.9973,0.1208
0.47839,45.6445,0.2757
0.47903,41.8567,0.1136
0.47971,44.7898,0.2234
0.48,45.4367,0.2529
0.4800100000000001,41.8269,0.117
0.48086999999999996,42.0329,0.1145
0.48088000000000003,43.5702,0.3166
0.48102,41.9427,0.1165
0.48108,41.9869,0.1394
0.48116000000000003,44.6941,0.3825
0.4813,41.8045,0.1116
0.4819600000000001,41.7291,0.1131
0.48349,42.0299,0.1141
0.48403,42.0231,0.1277
0.48407,42.1112,0.1104
0.48452,41.9644,0.1112
0.48567,41.9218,0.1258
0.48589,41.7793,0.1111
0.48591999999999996,45.4027,0.3678
0.48627,44.3532,0.3192
0.48643000000000003,41.9077,0.1187
0.48727,44.4751,0.2152
0.48841999999999997,45.2296,0.3204
0.48986999999999997,42.14,0.1165
0.49023,45.3836,0.3078
0.49033999999999994,45.1625,0.223
0.49123,41.8035,0.1281
0.49173999999999995,42.0553,0.1148
0.49186,41.8717,0.1603
0.49207,40.5479,0.5051
0.49246,42.1228,0.1116
0.49395,42.0368,0.1144
0.49432,44.7079,0.1799
0.49435,43.8838,0.2862
0.49451999999999996,42.0105,0.1109
0.49481,44.5511,0.2052
0.4959,41.8356,0.1216
0.4964,42.1706,0.1129
0.49662,44.655,0.2983
0.49673,42.1212,0.1138
0.49676000000000003,41.901,0.1239
0.49717,42.085,0.1249
0.49753000000000003,41.826,0.1221
0.49767,42.0232,0.1235
0.49781000000000003,42.0241,0.1138
0.49817,41.9694,0.1175
0.49988,44.3092,0.1748
0.50034,42.0657,0.1143
0.50205,45.1051,0.2411
0.50261,44.9233,0.2964
0.50268,44.6707,0.1746
0.50273,41.9275,0.1642
0.50363,42.04,0.1289
0.5038600000000001,41.8538,0.7726
0.5042346720283625,41.7836,0.1151
0.50425,42.0981,0.1341
0.50456,44.9184,0.2791
0.50465,41.9846,0.2028
0.5047,42.0795,0.1186
0.50488,41.9509,0.1167
0.50492,41.9282,0.1172
0.50553,44.6712,0.3611
0.50556,41.9781,0.1115
0.50572,42.0066,0.1155
0.5058,42.0627,0.114
0.50605,42.3675,0.1223
0.50674,41.9931,0.129
0.50757,45.4351,0.2259
0.50778,42.1,0.122
0.50783,43.8288,0.1853
0.50793,41.4248,0.7526
0.50853,42.112,0.1215
0.5090899999999999,41.9492,0.1166
0.51022,43.7776,0.1658
0.51274,44.9707,0.2203
0.5129,42.1964,0.1141
0.5132,45.6599,0.3243
0.51327,45.553,0.2753
0.5141,42.068,0.118
0.51452,42.2694,0.2033
0.51513,41.935,0.1151
0.51571,43.4541,0.1936
0.5165,42.2384,0.1343
0.51698,44.005,0.1468
0.51818,45.2949,0.2848
0.51957,42.1465,0.1158
0.5200199999999999,42.028,0.1159
0.52074,41.9911,0.1176
0.52079,44.5624,0.1888
0.5213300000000001,44.0268,0.1782
0.52163,45.0959,0.2776
0.5220199999999999,42.2377,0.165
0.5223399999999999,42.0834,0.1131
0.5230899999999999,41.7034,0.2139
0.52346,42.182,0.1139
0.52394,44.7381,0.2336
0.52463,42.1448,0.113
0.52559,41.9651,0.2203
0.52571,45.6075,0.3589
0.52579,42.3521,0.1129
0.5261600000000001,42.0906,0.1143
0.52646,42.1386,0.1148
0.5271600000000001,42.0673,0.1875
0.52736,44.9048,0.1936
0.5274300000000001,42.2399,0.1466
0.52768,42.2561,0.1242
0.52774,42.0522,0.1156
0.5283,42.2515,0.1243
0.52876,42.0527,0.129
0.53063,42.2106,0.1443
0.53069,44.2991,0.3179
0.53092,42.8732,0.2488
0.53108,43.972,0.1975
0.53136,42.2143,0.112
0.53266,42.2257,0.1121
0.5328,42.3576,0.1129
0.53291,44.4931,0.3512
0.53354,42.2877,0.1037
0.53377,44.8031,0.1791
0.53386,44.9425,0.109
0.5339,42.1009,0.1125
0.53394,46.5048,0.3603
0.53403,42.4069,0.128
0.53433,42.1515,0.1374
0.53445,44.1956,0.166
0.53457,41.9976,0.1123
0.53504,42.0478,0.1231
0.53505,42.0696,0.1131
0.53517,43.4022,0.156
0.53573,42.0136,0.1161
0.53613,42.1986,0.1107
0.5362399999999999,45.4016,0.2126
0.53688,41.8369,0.1755
0.5381,42.927,0.2098
0.5394899999999999,44.3159,0.3414
0.53955,42.3706,0.1126
0.54037,42.5039,0.2425
0.54065,45.5347,0.3408
0.541,42.0636,0.1613
0.54135,42.4286,0.3208
0.5414728830799992,45.0897,0.1885
0.54166,42.4064,0.1287
0.54193,45.5074,0.5035
0.54208,45.2319,0.2363
0.5421199999999999,44.7451,0.1911
0.54225,42.3902,0.1429
0.54323,43.5266,0.2408
0.5443,44.4741,0.3302
0.54438,45.5625,0.3087
0.5445,42.3362,0.1181
0.54487,45.7454,0.3434
0.54586,42.4014,0.1241
0.54614,45.7755,0.2698
0.54693,42.2793,0.1156
0.54707,44.0016,0.332
0.54762,42.1572,0.1241
0.5478,44.8176,0.3735
0.54786,42.3576,0.116
0.5479581614219338,42.3698,0.1243
0.54808,42.2809,0.1136
0.5481199999999999,42.2693,0.1189
0.5483899999999999,45.0134,0.2488
0.5486800000000001,42.1296,0.1385
0.54883,42.3383,0.1228
0.5492100000000001,42.0674,0.2625
0.54964,44.2053,0.2457
0.54987,45.2173,0.2425
0.54991,42.3583,0.1187
0.5503899999999999,45.5347,0.2598
0.55056,44.4967,0.252
0.5509506249971915,42.1499,0.1237
0.55177,43.5205,0.1665
0.55213,42.1537,0.1447
0.552669295846514,42.2338,0.1129
0.55272,42.4765,0.2067
0.55306,42.4285,0.1225
0.5532699999999999,44.162,0.3619
0.55387,42.3436,0.1176
0.55393,45.016,0.3221
0.55401,44.8117,0.2123
0.5541,42.4214,0.1475
0.55435,44.9305,0.1891
0.5552600000000001,45.9006,0.2528
0.55553,42.2648,0.116
0.55593,42.2607,0.1186
0.5565,44.6107,0.2655
0.5566300000000001,44.7889,0.2749
0.55682,44.6789,0.201
0.557,44.6876,0.2234
0.55733,44.8929,0.2291
0.55861,45.3179,0.3029
0.55875,42.4162,0.2791
0.55889,44.481,0.3773
0.55916,44.7293,0.2316
0.5595100000000001,44.3555,0.2324
0.55958,42.3534,0.1189
0.56004,45.1101,0.2635
0.56018,44.6581,0.3414
0.56024,42.1065,0.1182
0.5604100000000001,43.0446,0.134
0.56045,43.8221,0.1961
0.5606300000000001,42.2104,0.1219
0.56099,42.3222,0.1203
0.56125,42.3713,0.123
0.56186,42.3054,0.1259
0.5624899999999999,44.8607,0.2971
0.56266,44.7785,0.2118
0.56291,42.5365,0.3163
0.56366,44.3038,0.2388
0.56374,44.7261,0.3021
0.5643,42.3537,0.1366
0.5643199999999999,42.4559,0.158
0.5646,42.3208,0.1216
0.5646399999999999,44.6251,0.285
0.56472,43.6748,0.1616
0.565,42.2889,0.134
0.56525,44.7884,0.3349
0.56566,44.4833,0.2869
0.56622,44.8794,0.3443
0.5663199999999999,44.5027,0.2357
0.5663600000000001,42.243,0.1266
0.56655,44.687,0.385
0.56708,42.4019,0.1244
0.56715,45.3167,0.4114
0.56729,44.479,0.1936
0.56757,42.1601,0.1253
0.5676,42.2607,0.1723
0.56813,42.2328,0.1236
0.5685600000000001,44.9241,0.2408
0.5697300000000001,44.67,0.3494
0.56982,44.4484,0.2866
0.57004,44.9333,0.2285
0.57028,44.8921,0.3544
0.5704600000000001,42.3694,0.133
0.5705600000000001,44.5773,0.355
0.5710000000000001,45.2996,0.4383
0.57148,44.451,0.2478
0.5718300000000001,44.5962,0.1792
0.57247,42.572,0.1458
0.5725,44.3083,1.452
0.57255,44.9804,0.2549
0.5725899999999999,42.4014,0.1221
0.5728,44.241,0.2444
0.57291,43.4606,0.341
0.57333,42.2819,0.1254
0.5735100000000001,42.6161,0.1491
0.57385,42.6421,0.3301
0.57427,45.0316,0.3615
0.5744199999999999,42.5415,0.1502
0.57448,44.0087,0.1158
0.57453,44.7558,0.3159
0.57596,42.3172,0.2058
0.5766100000000001,44.5198,0.2918
0.5767399999999999,42.3921,0.1235
0.5768399999999999,45.0031,0.36
0.57705,44.4268,0.3015
0.57725,42.2309,0.1397
0.57731,42.2879,0.1791
0.578,42.4852,0.1213
0.5785100000000001,44.7898,0.2226
0.57886,42.6249,0.1271
0.57899,42.2399,0.1259
0.57925,43.9996,0.2769
0.57952,44.9196,0.217
0.58004,42.3965,0.1254
0.58011,42.5181,0.1345
0.58021,42.3538,0.119
0.58045,42.4398,0.2019
0.5808300000000001,44.4071,0.2788
0.58107,44.4301,0.3076
0.58124,44.8125,0.2261
0.58133,42.4445,0.1327
0.58149,42.3267,0.1258
0.5817899999999999,44.9912,0.2773
0.58203,45.163,0.47
0.58231,42.5529,0.1228
0.5826399999999999,42.5474,0.1488
0.5829300000000001,45.1731,0.2003
0.58367,42.2632,0.1199
0.58386,44.9546,0.4188
0.58475,44.3857,0.2339
0.58487,42.3097,0.1468
0.58519,44.9582,0.2656
0.58604,42.2275,0.1248
0.58611,44.68,0.3326
0.58616,45.0901,0.2427
0.58617,44.6735,0.2222
0.58619,42.6562,0.1637
0.58632,45.3904,0.4908
0.5865100000000001,45.0326,0.2719
0.58701,42.3915,0.1285
0.58705,44.6894,0.2843
0.58715,44.3093,0.2608
0.58716,44.9164,0.2106
0.58745,42.7799,0.1958
0.58768,44.3691,0.3223
0.58814,44.2197,0.2058
0.5883028769391646,42.5105,0.139
0.58846,42.2129,0.1342
0.58877,44.1663,0.2105
0.5888899999999999,42.2436,0.1332
0.58892,42.6687,0.161
0.5896100000000001,42.4685,0.1673
0.58967,42.6233,0.1405
0.59013,44.5014,0.2308
0.59036,44.431,0.2008
0.5903673770808429,44.2097,0.2765
0.59053,42.5948,0.1377
0.59077,42.3496,0.1409
0.59118,42.6054,0.1563
0.5915,45.1964,0.3725
0.59232,42.5121,0.1348
0.59262,43.6424,0.2506
0.5928399999999999,42.5384,0.2948
0.5928899999999999,44.3567,0.3542
0.5931,42.4476,0.1496
0.59332,44.1999,0.218
0.59367,42.395,0.1619
0.59378,44.838,0.2165
0.59409,44.9986,0.2097
0.59451,42.5849,0.1207
0.59473,44.6231,0.3121
0.5948,42.6816,0.1355
0.59507,42.7062,0.1356
0.5958399999999999,44.7617,0.197
0.5959300000000001,42.3115,0.134
0.59642,42.7833,0.1133
0.5967399999999999,44.797,0.2596
0.59675,44.5113,0.2763
0.59682,44.88,0.2903
0.5970300000000001,42.6821,0.1283
0.59725,43.5164,0.259
0.5979399999999999,45.2182,0.2562
0.59895,44.9923,0.2522
0.59912,44.6717,0.2811
0.59931,42.5699,0.1218
0.59946,42.4159,0.1456
0.5997399999999999,42.4972,0.1612
0.5998399999999999,43.3107,0.1425
0.5999,44.5961,0.2446
0.60014,42.4621,0.1271
0.60029,42.4467,0.1537
0.60055,42.5253,0.1409
0.6006100000000001,44.6548,0.3279
0.60064,43.8229,0.1642
0.60077,45.2675,0.3716
0.60104,42.4382,0.1331
0.60155,42.7414,0.1388
0.6019,42.6072,0.3972
0.60205,44.8626,0.2767
0.60224,45.1568,0.3996
0.60239,44.7566,0.2001
0.6025,44.0107,0.3489
0.60272,42.6126,0.1312
0.60295,42.6267,0.1812
0.60296,42.5704,0.2911
0.60297,45.153,0.3419
0.6043,44.6498,0.2011
0.6044,44.7193,0.2591
0.60458,42.6574,0.1459
0.60497,42.4434,0.1256
0.60531,45.3683,0.2916
0.60542,42.6208,0.2042
0.60555,45.0006,0.3694
0.6057100000000001,42.3819,0.1484
0.6058100000000001,44.3309,0.1753
0.60593,42.7709,0.1254
0.60612,42.5238,0.1232
0.60624,44.9908,0.2604
0.60635,42.5483,0.1279
0.6069399999999999,44.8963,0.2588
0.60724,42.6719,0.1368
0.60731,42.5992,0.1283
0.60742,42.5438,0.1267
0.60746,42.6171,0.129
0.6079100000000001,44.822,0.4106
0.60806,42.9519,0.1773
0.60829,42.4762,0.1346
0.60841,45.2226,0.3279
0.6089,42.9831,0.1754
0.60892,42.3884,0.1552
0.60893,45.2034,0.2144
0.60959,44.7625,0.245
0.61021,44.5,0.2885
0.61038,45.121,0.2736
0.61051,45.0056,0.2312
0.6106699999999999,44.7358,0.2833
0.61085,44.6727,0.3086
0.6109100000000001,44.1786,0.1981
0.61124,42.5364,0.1481
0.61217,42.6719,0.1524
0.61259,42.6936,0.1892
0.61283,42.6129,0.1237
0.61348,42.9307,0.1585
0.61354,42.6248,0.1262
0.6136199999999999,45.0894,0.3409
0.61416,42.6513,0.1249
0.61449,42.6602,0.1256
0.61466,42.5185,0.1537
0.61478,44.9192,0.3915
0.6149,44.9935,0.2162
0.61492,42.6886,0.1254
0.6150800000000001,42.307,0.1331
0.6151800000000001,44.729,0.1872
0.61521,44.7303,0.2328
0.61523,44.8463,0.3475
0.61547,44.8104,0.2193
0.61558,42.4742,0.129
0.61579,45.2953,0.2595
0.6158399999999999,45.0141,0.3152
0.61603,45.2902,0.3188
0.6160399999999999,45.3003,0.3158
0.6161,44.3466,0.1758
0.61612,44.3462,0.3095
0.61619,43.7248,0.3962
0.61663,44.6215,0.1939
0.6168100000000001,45.6349,0.3247
0.6172300000000001,42.6793,0.2313
0.61729,44.8,0.2964
0.61745,45.3167,0.3609
0.61766,44.816,0.2997
0.61775,45.4041,0.2897
0.6178899999999999,42.5506,0.121
0.618,42.5955,0.131
0.61807,42.5449,0.1474
0.61832,44.6382,0.258
0.61846,44.6812,0.2557
0.6186,45.0778,0.2736
0.6187,42.6518,0.1496
0.61917,45.0213,0.2319
0.61935,45.3881,0.2214
0.61937,44.6152,0.3081
0.61952,42.5635,0.1305
0.61965,42.6889,0.2831
0.61987,42.8933,0.302
0.6199,42.6521,0.1484
0.6201399999999999,42.5029,0.1273
0.62035,42.4745,0.1545
0.62039,44.6597,0.2671
0.62062,45.1106,0.2558
0.62071,42.5927,0.1788
0.6208100000000001,42.5694,0.1287
0.62092,42.637,0.1345
0.62151,42.6425,0.1275
0.62152,42.622,0.1274
0.62163,44.3947,0.2211
0.62169,44.2247,0.2215
0.62188,44.9185,0.2763
0.62359,45.3508,0.3055
0.62429,42.3362,0.1447
0.62467,42.652,0.1309
0.62471,42.7056,0.1331
0.62489,45.0961,0.2662
0.62493,44.703,0.1995
0.625,42.6495,0.1308
0.62516,44.8859,0.3202
0.6252800000000001,45.3161,0.3484
0.62552,42.6829,0.1298
0.62562,42.5272,0.1416
0.62564,42.731,0.1369
0.62576,44.6081,0.2947
0.6258199999999999,42.6993,0.1539
0.6261899999999999,42.5874,0.1437
0.62624,44.7179,0.2348
0.6270100000000001,44.4402,0.3693
0.62742,45.1126,0.2797
0.62775,44.9158,0.2137
0.62815,42.6073,0.1297
0.6281808385005553,44.1181,0.1718
0.62835,43.3312,0.1557
0.6284,42.68,0.1281
0.62842,42.5073,0.1411
0.62879,44.3656,0.2349
0.6289100000000001,42.5576,0.1939
0.62916,42.6897,0.1304
0.62978,42.4449,0.8684
0.6300399999999999,42.576,0.1223
0.63021,42.5055,0.2064
0.6312,45.4971,0.3294
0.63126,42.9042,0.1394
0.63153,44.507,0.2393
0.63159,45.3104,0.2954
0.6326,44.4979,0.224
0.6327945018039509,42.9773,0.1605
0.6330600000000001,44.7899,0.3106
0.6331899999999999,45.187,0.2475
0.63369,42.6344,0.1476
0.63373,42.5704,0.1329
0.63381,45.432,0.2979
0.63395,44.5854,0.3007
0.6344,44.0198,0.2139
0.63441,42.7195,0.1657
0.63472,42.7091,0.1364
0.63479,44.8231,0.3418
0.63508,44.9141,0.3481
0.6352800000000001,44.6697,0.2484
0.63565,42.7579,0.1692
0.63579,42.9789,0.2223
0.6359100000000001,44.6515,0.2082
0.6364,42.627,0.2598
0.6374,45.4636,0.2886
0.63762,43.9439,0.3092
0.63778,44.65,0.2428
0.63786,42.5212,0.1281
0.6380100000000001,45.36,0.2898
0.63832,42.3087,0.198
0.6384952226038763,45.1323,0.2796
0.63865,42.7216,0.1398
0.63866,45.5198,0.2499
0.6388,42.6176,0.2796
0.63903,42.5152,0.1156
0.63941,45.0019,0.3385
0.6400521260739451,42.7903,0.1526
0.64023,42.4943,0.1468
0.64067,42.7948,0.2613
0.64069,42.636,0.1236
0.64071,42.7359,0.1464
0.64112,42.672,0.1415
0.64117,42.6474,0.1338
0.6412899999999999,42.759,0.1266
0.6413399999999999,44.6044,0.2701
0.6413800000000001,45.41,0.4414
0.6415,42.6625,0.1335
0.64162,45.3941,0.2929
0.64166,42.7034,0.1345
0.64189,42.7942,0.2803
0.64194,42.5735,0.1363
0.6422542861656613,42.6626,0.1386
0.64255,44.8004,0.4117
0.64284,42.6661,0.1281
0.64302,45.3648,0.245
0.64323,42.6976,0.1421
0.64352,42.8335,0.1398
0.64366,44.9081,0.249
0.64389,44.2803,0.2927
0.644,44.6128,0.4604
0.6440600000000001,44.876,0.2064
0.64446,42.539,0.1569
0.64474,44.5145,0.2906
0.64483,42.6974,0.1251
0.6451,43.7685,0.1551
0.64531,42.7261,0.1256
0.64574,44.9038,0.2776
0.6458699999999999,45.1772,0.1897
0.6462399999999999,45.0474,0.3279
0.64651,42.7992,0.3182
0.64684,42.9818,0.34
0.6471100000000001,44.6826,0.2428
0.64732,42.4518,0.4897
0.6480899999999999,43.7139,0.1789
0.6481399999999999,44.7518,0.1834
0.64835,42.793,0.1417
0.64855,45.8597,0.3265
0.64936,42.6493,0.1343
0.64941,42.6731,0.1287
0.6498,42.8669,0.1419
0.6499699999999999,44.8762,0.304
0.65012,42.6685,0.1549
0.65053,44.5828,0.2757
0.65059,44.2987,0.1862
0.65063,42.8507,0.1321
0.6511899999999999,45.4283,0.2802
0.6512100000000001,42.4748,0.1388
0.65128,45.3954,0.2923
0.65136,42.6606,0.1991
0.65141,42.7837,0.1345
0.65146,43.5933,0.1598
0.6517,42.6427,0.1393
0.65173,42.6051,0.1298
0.65179,44.6553,0.2618
0.6519,42.9176,0.1409
0.65236,42.7513,0.3633
0.65251,45.0009,0.2103
0.65337,42.7804,0.1399
0.6534,45.6513,0.3684
0.6534300000000001,44.4983,0.2094
0.65358,45.4979,0.3056
0.65389,44.903,0.2728
0.6539699999999999,42.2267,0.182
0.65499,42.8089,0.3529
0.65528,45.3793,0.2618
0.65552,42.7795,0.1335
0.65558,42.8237,0.1356
0.65576,42.4514,0.1418
0.65636,42.9312,0.1364
0.6566,42.6121,0.1329
0.65683,42.8088,0.1397
0.65686,44.6731,0.2382
0.65689,42.8498,0.1446
0.65692,45.0998,0.2245
0.6572899999999999,42.8863,0.1992
0.65751,42.8002,0.1588
0.6575300000000001,43.0279,0.1849
0.65769,42.5095,0.1809
0.65886,43.0361,0.15
0.65897,45.447,0.2331
0.65933,42.8433,0.1322
0.66084,45.7524,0.3032
0.66094,44.8257,0.2976
0.66108,44.9941,0.274
0.6612,42.587,0.1532
0.6613399999999999,43.3624,0.1383
0.66145,42.843,0.1535
0.66176,42.704,0.3264
0.66182,45.3706,0.3575
0.66196,42.6108,0.1261
0.66218,44.2044,0.4105
0.6623100000000001,44.8527,0.2609
0.6624800000000001,45.4384,0.3064
0.6626,44.8499,0.2257
0.66281,43.7019,0.1949
0.6629,45.3125,0.3305
0.66297,43.0291,0.1514
0.66342,44.9076,0.2303
0.6635,42.8246,0.1285
0.66388,45.7919,0.3934
0.66414,42.7456,0.132
0.6641600000000001,42.81,0.1913
0.6642,42.6887,0.1359
0.66492,42.5858,0.1361
0.66504,42.6902,0.1401
0.6663,42.6295,0.1502
0.6663399999999999,44.8004,0.2753
0.6666,45.3818,0.6959
0.6667,43.2557,0.1503
0.66679,45.2983,0.2927
0.66704,42.8048,0.1632
0.6672,42.7493,0.3885
0.6672399999999999,42.9719,0.2067
0.66757,42.6625,0.2926
0.66765,42.7288,0.1265
0.66772,44.9421,0.3069
0.66783,45.1887,0.2376
0.66804,42.7239,0.1258
0.66867,45.4407,0.3442
0.66887,42.8132,0.1348
0.66895,44.9877,0.2663
0.669,42.782,0.1248
0.6692100000000001,44.5469,0.2174
0.66951,42.8502,0.1272
0.66973,42.7741,0.1337
0.66977,42.8028,0.1431
0.67011,43.2865,0.1619
0.6703,45.6731,0.2964
0.67061,44.4201,0.1672
0.67068,42.6894,0.1368
0.67089,43.246,0.259
0.67113,44.4961,0.3049
0.67124,42.8704,0.1277
0.67156,42.6478,0.134
0.67171,44.7744,0.277
0.67188,43.025,0.2254
0.67196,42.6039,0.1444
0.6725899999999999,43.2258,0.2406
0.67361,42.9359,0.133
0.67371,42.625,0.1306
0.67388,42.846,0.1716
0.67398,42.785,0.4076
0.67418,42.9244,0.1376
0.67433,43.0002,0.145
0.6743600000000001,43.0423,0.1616
0.67443,45.3002,0.3066
0.67497,45.2313,0.3348
0.67509,42.7441,0.14
0.6753600000000001,42.7959,0.19
0.6755,42.7809,0.129
0.67551,45.4545,0.3503
0.67566,42.9339,0.143
0.67574,44.5575,0.2457
0.67602,45.1548,0.221
0.67614,42.848,0.2233
0.6763,43.104,0.2433
0.67708,42.5532,0.1299
0.67723,42.9353,0.1606
0.6775399999999999,42.8118,0.1305
0.67787,42.9313,0.1617
0.6781,42.7265,0.1398
0.67823,45.1374,0.3782
0.67828,44.1331,0.2511
0.67833,45.514,0.2917
0.6783600000000001,43.0211,0.1378
0.67869,42.946,0.1378
0.67893,45.4089,0.3665
0.67919,45.1584,0.2537
0.67928,42.8831,0.1291
0.67932,43.1217,0.244
0.67969,45.3136,0.4531
0.67989,42.6526,0.1475
0.67999,42.9141,0.2327
0.68015,42.9787,0.1235
0.68034,44.6706,0.2153
0.6804600000000001,45.6763,0.2629
0.68079,44.0158,0.3354
0.68084,42.9831,0.2169
0.6812,42.6086,0.1274
0.68148,45.2222,0.3362
0.68188,43.0796,0.1812
0.6825899999999999,43.0415,0.2146
0.68287,44.724,0.2442
0.6829999999999999,44.6302,0.2239
0.68329,42.8145,0.1303
0.6833100000000001,42.8695,0.1316
0.68333,42.8245,0.1319
0.6834600000000001,44.9623,0.2788
0.6842600000000001,45.7019,0.3806
0.68428,44.8737,0.2259
0.68438,42.6248,0.2075
0.6844,44.9666,0.2545
0.68493,44.2316,0.196
0.6854100000000001,45.4229,0.2415
0.6855899999999999,42.9318,0.1368
0.68587,42.9164,0.2072
0.68594,42.7644,0.1464
0.68624,45.2803,0.247
0.68645,42.7769,0.1408
0.6865899999999999,42.8116,0.1452
0.68693,42.9874,0.2399
0.68705,42.5945,0.1213
0.68726,42.8111,0.1527
0.6873,44.9398,0.3262
0.68747,42.9552,0.2301
0.68777,42.7906,0.1381
0.68835,43.0781,0.373
0.6885,42.9208,0.1311
0.68933,43.0121,0.1764
0.68952,45.4946,0.3157
0.69016,43.0371,0.1407
0.69043,44.8442,0.3355
0.69065,45.289,0.2702
0.6906899999999999,45.571,0.3642
0.69088,43.7747,0.3077
0.69126,43.2038,0.4576
0.6914100000000001,42.9824,0.1348
0.69155,44.7948,0.376
0.6916100000000001,42.5506,0.134
0.69238,42.7671,0.1418
0.69265,45.4935,0.2835
0.69293,45.2968,0.3686
0.69328,43.0084,0.2079
0.69339,42.9417,0.1733
0.69375,44.6668,0.2232
0.69404,42.89,0.1351
0.69479,42.96,0.1516
0.69521,44.8982,0.2384
0.69552,42.9664,0.1389
0.6957399999999999,42.8128,0.1449
0.69598,45.0926,0.2894
0.69602,45.3377,0.2664
0.69672,45.4613,0.2889
0.69691,42.9908,0.165
0.69717,42.9397,0.1359
0.69752,45.2534,0.3644
0.69762,43.0582,0.1392
0.69817,44.6886,0.2546
0.69945,42.7929,0.1352
0.69976,42.6977,0.1239
0.69977,42.7527,0.1358
0.69996,42.5916,0.2798
0.70012,45.5586,0.3394
0.70021,42.8528,0.2555
0.7009,44.8955,0.3348
0.70101,43.2641,0.1876
0.70121,42.9557,0.1484
0.7013,42.7971,0.1366
0.7013199999999999,42.9025,0.1402
0.7013699999999999,43.6808,0.1516
0.7021,43.0214,0.1737
0.70235,45.2976,0.2574
0.70248,43.0598,0.1408
0.70258,42.8941,0.1402
0.7029,45.1073,0.3253
0.70339,43.0693,0.1451
0.7035,43.0355,0.1468
0.70367,42.8363,0.164
0.70381,43.0558,0.1818
0.70415,45.9451,0.3646
0.70433,42.8975,0.1569
0.70438,42.6186,0.1313
0.70473,44.6639,0.464
0.70495,44.8014,0.2153
0.70555,42.9693,0.3318
0.70565,43.0081,0.1579
0.70615,43.4396,0.2015
0.70657,42.858,0.1302
0.7066100000000001,42.7959,0.1493
0.7067899999999999,44.3116,0.3269
0.70697,42.8077,0.1259
0.7071,45.4333,0.3014
0.70712,45.3387,0.2631
0.70762,44.7882,0.2602
0.70773,42.9827,0.1357
0.70827,42.6705,0.1754
0.70828,43.0077,0.1418
0.70839,42.8909,0.1182
0.70907,42.7819,0.1369
0.70923,42.8337,0.136
0.70925,44.8529,0.2314
0.70944,42.8446,0.1471
0.70965,43.0032,0.3195
0.71037,43.0878,0.1417
0.7104,45.5068,0.3855
0.7105899999999999,43.0976,0.1614
0.7107,43.0605,0.1326
0.71131,43.2552,0.1561
0.71228,43.001,0.1915
0.7127100000000001,42.7982,0.1453
0.71282,42.8991,0.1324
0.71295,42.9675,0.1353
0.713,42.8388,0.1417
0.71301,44.5511,0.2786
0.71304,42.8227,0.1372
0.71336,45.5834,0.3331
0.71349,43.0724,0.1473
0.71478,46.0854,0.3798
0.7154699999999999,42.8789,0.2188
0.71617,43.0672,0.1587
0.7163,43.1124,0.1332
0.71637,43.0803,0.3362
0.71645,42.6765,0.1554
0.7166,45.1911,0.3205
0.7166100000000001,43.1088,0.1374
0.71662,44.9638,0.2913
0.71685,43.1073,0.1405
0.71711,42.7916,0.1341
0.71716,43.1123,0.1997
0.71742,43.9408,0.1994
0.71744,42.9923,0.319
0.71765,42.6041,0.141
0.71826,43.397,0.4756
0.71855,43.002,0.1918
0.7185699999999999,42.7618,0.1364
0.7187399999999999,45.1883,0.2729
0.7189399999999999,44.8878,0.3431
0.7192,42.9506,0.1685
0.71921,45.0427,0.223
0.71936,42.977,0.1387
0.72049,42.9772,0.1595
0.72082,45.1178,0.379
0.72101,45.3696,0.2586
0.72102,46.0922,0.2696
0.72109,45.77,0.3424
0.72136,43.1005,0.1282
0.72153,43.334,0.2703
0.72175,42.9833,0.1578
0.72187,43.1668,0.1544
0.72209,45.4521,0.4484
0.72216,42.8526,0.1496
0.72218,44.2542,0.3001
0.72222,45.4928,0.3173
0.72236,43.1041,0.1922
0.72238,42.938,0.1524
0.7225199999999999,42.7121,0.1463
0.72285,43.255,0.1333
0.7229899999999999,42.9243,0.2196
0.72306,43.0666,0.1513
0.72365,43.0417,0.1398
0.7236899999999999,44.3617,0.2997
0.72385,45.3875,0.265
0.7238899999999999,43.0634,0.142
0.7240800000000001,42.9992,0.1327
0.7243,43.1429,0.1639
0.7245699999999999,42.9359,0.1437
0.7247600000000001,42.9883,0.1365
0.7247899999999999,44.4882,0.201
0.72485,43.0125,0.1535
0.72502,44.0535,0.352
0.72533,43.0156,0.1416
0.7259800000000001,43.1233,0.1575
0.726,43.0725,0.1343
0.72609,44.3703,0.2506
0.72685,42.9729,0.1366
0.72687,42.8967,0.1549
0.72707,42.8795,0.1687
0.72719,45.4706,0.3138
0.72795,43.0255,0.1841
0.7280300000000001,43.9984,0.1795
0.72809,43.4909,0.2673
0.72816,45.6674,0.327
0.72828,44.6366,0.2018
0.72923,43.4292,0.2522
0.72927,42.9953,0.1579
0.7298899999999999,45.3507,0.29
0.7299,43.0534,0.1846
0.73056,43.186,0.134
0.7307600000000001,42.9675,0.1892
0.73106,45.0503,0.2557
0.73133,43.0338,0.164
0.73161,45.2678,0.3388
0.73164,46.0854,0.4306
0.7316699999999999,42.9565,0.1557
0.73207,42.95,0.132
0.73224,43.0161,0.1326
0.73244,43.1535,0.1402
0.73302,45.6427,0.3374
0.73329,45.6816,1.1306
0.7339100000000001,43.1254,0.1285
0.73415,43.1454,0.1587
0.73439,43.2236,0.2907
0.7349899999999999,42.3293,0.283
0.73505,42.9731,0.1842
0.73588,45.1212,0.2509
0.7361,44.6298,0.2247
0.73656,42.9546,0.133
0.73658,45.1613,0.48
0.73666,43.1192,0.1357
0.73682,44.6208,0.1947
0.73695,43.0348,0.1418
0.73728,42.8857,0.1594
0.73748,42.9829,0.1264
0.73757,42.973,0.1375
0.73761,43.124,0.1495
0.73836,43.1751,0.1616
0.73842,42.8369,0.1353
0.73845,43.03,0.1423
0.73905,42.9902,0.1353
0.73922,42.6056,0.2492
0.73923,45.4808,0.2309
0.73998,45.83,0.3332
0.7400899999999999,43.3241,0.2529
0.74027,42.7233,0.136
0.74053,42.9478,0.1433
0.74131,43.224,0.1592
0.74156,43.2453,0.1676
0.7420899999999999,42.7819,0.2012
0.74217,45.2425,0.381
0.74242,42.8556,0.1396
0.7429,43.1553,0.1365
0.74297,43.0399,0.1392
0.74351,42.9694,0.1713
0.74363,42.7309,0.1325
0.7438536374705201,45.4172,0.5214
0.7447699999999999,42.9553,0.1849
0.74545,43.4097,0.3647
0.74571,45.6402,0.4151
0.74674,43.1902,0.1406
0.7468199999999999,43.2154,0.1708
0.74697,43.0598,0.1421
0.74749,42.9313,0.1407
0.74866,43.0662,0.2153
0.74879,45.0957,0.2477
0.74911,43.1692,0.129
0.74936,43.2285,0.1313
0.7497,43.6926,0.1618
0.74995,45.4224,0.2098
0.75,43.2783,0.1946
0.75032,42.9263,0.1568
0.75054,43.0768,0.1533
0.75059,43.2706,0.1367
0.75136,44.7492,0.3607
0.75167,45.6214,0.339
0.75184,42.9232,0.1488
0.7520899999999999,42.9626,0.1362
0.75271,43.3581,0.2688
0.7529399999999999,43.2257,0.1509
0.7533,42.3383,0.2035
0.75364,43.0893,0.1322
0.75369,43.1991,0.1507
0.75374,43.1314,0.133
0.75392,43.0384,0.1599
0.7548,45.0025,0.2103
0.75493,45.3107,0.4464
0.7553300000000001,46.1743,0.4315
0.75579,43.204,0.1446
0.75592,43.452,0.1514
0.7563300000000001,42.9393,0.2029
0.75634,43.2358,0.1426
0.75729,42.9646,0.1379
0.75734,43.4047,0.1464
0.75738,43.2871,0.115
0.75776,42.9402,0.1483
0.7578,45.229,0.3253
0.7581,43.1527,0.1992
0.75822,42.9858,0.1753
0.7588699999999999,43.2569,0.1435
0.7590899999999999,43.4774,0.1343
0.75912,43.1515,0.2055
0.75915,46.0416,0.3435
0.75925,43.1807,0.1492
0.75954,43.2128,0.1401
0.7600399999999999,43.3516,0.1379
0.76047,43.2133,0.1476
0.76073,43.1335,0.1571
0.7609600000000001,43.099,0.1393
0.76108,43.2371,0.1366
0.76151,43.0481,0.2016
0.76159,43.6473,0.1778
0.76171,43.2083,0.1487
0.76222,42.9689,0.1716
0.7624,43.0056,0.1709
0.76252,43.1713,0.1639
0.76256,43.1826,0.1584
0.76272,43.0483,0.1782
0.76331,43.5257,0.3187
0.7633300000000001,43.1632,0.1992
0.7634,43.0877,0.1437
0.76346,43.2252,0.1436
0.76445,43.2803,0.1552
0.76462,43.3431,0.1483
0.76475,42.9649,0.1634
0.76494,43.027,0.135
0.7651600000000001,43.198,0.1391
0.76546,43.3224,0.1527
0.76558,43.2324,0.168
0.7656,43.0947,0.1454
0.76577,42.9919,0.1621
0.7660899999999999,43.2671,0.1627
0.76795,43.0475,0.1337
0.7679600000000001,45.7297,0.2869
0.7679699999999999,44.2927,0.1503
0.76864,42.9527,0.1493
0.76874,42.9672,0.1364
0.76891,43.0561,0.2323
0.7690600000000001,43.4076,0.1687
0.7690899999999999,44.5999,0.2278
0.76912,43.2018,0.152
0.76965,43.2067,0.1575
0.76974,45.8673,0.3079
0.76975,43.354,0.1716
0.7702600000000001,43.0916,0.2549
0.77042,42.9392,0.1917
0.77118,43.1389,0.1571
0.77122,43.1037,0.1555
0.77193,42.7645,0.2416
0.7725,43.2831,0.1412
0.77268,45.9172,0.4161
0.77357,43.1705,0.1339
0.77387,43.048,0.1632
0.7739199999999999,42.861,0.1495
0.77418,43.2775,0.1825
0.7743899999999999,44.5355,0.3032
0.77441,43.0452,0.1751
0.77491,43.0564,0.133
0.77499,43.2826,0.1678
0.77545,43.0765,0.1587
0.77547,43.102,0.2151
0.7754800000000001,43.2471,0.1433
0.77557,45.107,0.3173
0.77575,45.3778,0.2938
0.77603,43.1472,0.1544
0.77609,43.8524,0.3104
0.77686,43.2965,0.1349
0.7769571400289101,42.9323,0.1425
0.77715,43.1873,0.1358
0.7772,42.9333,0.1056
0.77763,42.9666,0.1606
0.77803,44.7628,0.2097
0.77846,44.8028,0.3991
0.77852,45.9626,0.2771
0.77876,43.5991,0.3986
0.77888,43.0361,0.1522
0.77912,43.2508,0.1712
0.7794800000000001,43.1713,0.1628
0.78015,42.9149,0.3236
0.78061,43.0235,0.161
0.78137,44.6259,0.5763
0.7817,43.0758,0.2087
0.78233,43.1328,0.1346
0.78283,43.6071,0.4058
0.78286,45.4496,0.3394
0.78287,43.1277,0.2008
0.78394,43.1275,0.1632
0.7842,43.117,0.1461
0.78466,42.9828,0.1567
0.78532,43.2772,0.1459
0.78596,45.0385,0.2152
0.7864800000000001,43.3122,0.2784
0.78662,43.5733,0.2736
0.7873399999999999,42.9217,0.1424
0.78768,43.4445,0.1462
0.78782,43.4149,0.1528
0.7879,46.2139,0.3455
0.78815,43.1827,0.1431
0.7883,43.4062,0.1843
0.78845,43.3573,0.1646
0.7884676820789485,43.3222,0.1391
0.78847,42.976,0.1567
0.78903,43.3245,0.1719
0.78906,43.2142,0.1845
0.78908,43.2133,0.1581
0.78914,43.131,0.1271
0.78918,45.5881,0.2553
0.7896,43.2491,0.1536
0.79033,44.548,0.2755
0.79078,43.0698,0.1425
0.7908607055451595,45.2411,0.3412
0.7911,43.1253,0.1954
0.7916,43.3032,0.1376
0.79167,43.1679,0.1437
0.79187,43.2607,0.1846
0.79188,43.3697,0.1453
0.7921199999999999,43.069,0.2305
0.79245,43.4958,0.3391
0.79251,45.231,0.3756
0.79313,43.2326,0.1401
0.7932,44.61,0.2038
0.79364,44.6964,0.2093
0.7941699999999999,43.471,0.1341
0.7942,43.1881,0.1867
0.7942100000000001,43.1879,0.1482
0.79465,43.0367,0.1602
0.79498,43.0409,0.1505
0.79513,46.3724,0.3487
0.79619,43.0715,0.1623
0.7962899999999999,44.8579,0.2076
0.79657,42.936,0.1349
0.79732,43.4358,0.3239
0.7974100000000001,43.3649,0.1657
0.7974734330090906,43.6177,0.36
0.7976,43.344,0.1691
0.79784,43.3428,0.1774
0.7981699999999999,43.0546,0.2111
0.7984399999999999,43.3054,0.2084
0.79867,45.6355,0.322
0.79891,43.3062,0.2197
0.80101,43.2754,0.1552
0.80128,43.1862,0.1851
0.8022699999999999,43.7675,0.168
0.8024,43.4161,0.183
0.80242,43.4495,0.2452
0.80275,43.2228,0.1499
0.80287,43.2707,0.1488
0.80394,45.7605,0.3106
0.80448,44.8179,0.3038
0.8045899999999999,43.3693,0.1508
0.80466,43.3794,0.1461
0.805,43.1675,0.2159
0.8053899999999999,45.4015,0.2874
0.8056800000000001,43.0545,0.1454
0.80655,43.3523,0.2026
0.80677,43.3778,0.1459
0.80688,43.5136,0.1976
0.80719,45.0537,0.2105
0.8083,46.1272,0.4405
0.8086399999999999,46.0558,0.3278
0.80902,43.0989,0.2224
0.80913,44.781,0.2144
0.80966,43.252,0.184
0.8103,43.1326,0.2319
0.8106,43.3843,0.1644
0.8113,43.4066,0.1892
0.8114,43.0937,0.1647
0.81167,43.467,0.1574
0.81176,43.1912,0.1854
0.8118458147408034,43.3038,0.1646
0.81229,43.3163,0.1551
0.8123600000000001,45.7111,0.3339
0.81262,43.0232,0.1458
0.8127300000000001,45.0471,0.289
0.81319,43.4005,0.168
0.81416,43.4932,0.1681
0.81418,43.4154,0.2079
0.81421,43.3183,0.1554
0.81425,43.3981,0.18
0.81475,45.5639,0.3068
0.81482,43.3202,0.209
0.81524,45.3859,1.9052
0.81553,43.5253,0.15
0.81598,43.2917,0.169
0.81603,43.2284,0.1961
0.8162,45.8947,0.3612
0.81621,43.3201,0.1564
0.81643,43.2863,0.1654
0.8165100000000001,43.3341,0.1789
0.81696,43.1909,0.1594
0.81699,45.0474,0.2156
0.81706,43.7036,0.2086
0.81715,43.1985,0.1451
0.81725,43.5685,0.2912
0.81816,43.3382,0.1539
0.81819,43.3895,0.1563
0.81823,43.4425,0.1536
0.81843,43.3744,0.197
0.81847,42.7463,0.4206
0.81871,44.5505,0.233
0.81885,45.9473,0.4052
0.81905,45.3327,0.3503
0.81906,43.2882,0.1814
0.8195974061349415,43.8491,0.1952
0.8198,43.6029,0.1932
0.8204100000000001,43.324,0.1743
0.8206200000000001,43.345,0.2982
0.82078,43.3975,0.1411
0.82176,43.4345,0.154
0.82178,43.2624,0.1887
0.8221799999999999,43.3516,0.1615
0.82221,42.936,0.1837
0.82294,43.4043,0.1611
0.8236899999999999,43.1973,0.1477
0.82452,43.3694,0.1771
0.82496,43.4014,0.1403
0.82519,43.3269,0.2672
0.8252299999999999,43.291,0.1494
0.8254593973130874,42.9802,0.216
0.82568,45.312,0.2959
0.8261200000000001,43.2883,0.138
0.82621,45.1841,0.2576
0.82645,43.2761,0.1496
0.82668,43.1081,0.1704
0.8269700000000001,42.9674,0.2678
0.82773,45.3239,0.2667
0.82781,43.5182,0.2042
0.82824,42.9698,0.2856
0.82876,44.4874,0.1924
0.8291700000000001,43.3206,0.1357
0.82937,43.4864,0.1583
0.82955,43.0538,0.2125
0.8295799999999999,43.3649,0.1665
0.82967,43.2724,0.1642
0.8300299999999999,43.4788,0.1459
0.8300799999999999,45.1337,0.3298
0.83015,43.4475,0.1322
0.8301799999999999,43.2056,0.1415
0.8307399999999999,43.3253,0.149
0.83249,44.541,0.2011
0.83263,43.4457,0.2749
0.8331700000000001,45.7592,0.3398
0.83331,45.9929,0.3031
0.8335899999999999,43.4057,0.1664
0.8336600000000001,45.1293,0.3732
0.83394,45.2423,0.2396
0.8340799999999999,43.424,0.1867
0.8345299999999999,43.4317,0.1892
0.8346299999999999,43.4863,0.1624
0.8348,43.4761,0.1761
0.8360700000000001,44.7633,0.1903
0.83619,43.4696,0.151
0.83657,43.1813,0.2717
0.83678,43.1862,0.2397
0.8369,43.3395,0.1486
0.83741,43.5178,0.1651
0.83747,46.3289,0.3194
0.8377899999999999,45.4805,0.3485
0.83791,44.4957,0.1976
0.83799,43.3906,0.1539
0.8381,43.4852,0.225
0.8381299999999999,43.3189,0.119
0.8388700000000001,43.8266,0.2144
0.83911,43.3922,0.1608
0.8395100000000001,43.6211,0.162
0.83973,43.4872,0.1551
0.8398,43.1716,0.1894
0.84004,43.4896,0.1609
0.8401700000000001,43.3672,0.16
0.8402700000000001,43.5214,0.2452
0.84034,43.1178,0.2013
0.84085,43.4248,0.1634
0.8413700000000001,46.2586,0.2959
0.8414,43.3978,0.1737
0.8415299999999999,43.4463,0.1695
0.8416899999999999,43.4813,0.2109
0.84205,45.6143,0.2417
0.8424799999999999,45.9735,0.2973
0.84316,43.659,0.1795
0.8433762703423786,43.1687,0.1419
0.84346,43.4869,0.1481
0.8436,45.4857,0.3102
0.8436299999999999,43.3231,0.1659
0.84373,43.1952,0.1594
0.84441,43.7673,0.1834
0.84457,43.3786,0.2215
0.8447100000000001,46.1303,0.3105
0.84478,43.5363,0.148
0.844811327690161,43.4858,0.2812
0.84506,43.2107,0.2381
0.84521,43.3776,0.141
0.8453,43.287,0.2142
0.84534,43.2496,0.1745
0.84554,43.3132,0.1582
0.84557,43.4182,0.1515
0.8458700000000001,43.5425,0.1513
0.8459700000000001,43.4667,0.1734
0.8465299999999999,43.107,0.1705
0.8466,45.1328,0.4315
0.8473299999999999,45.2174,0.2144
0.8476299999999999,45.7596,0.3189
0.84775,43.1586,0.3475
0.84782,43.4539,0.1444
0.8479899999999999,46.4499,0.2827
0.84839,43.5682,0.4317
0.84862,43.6736,0.1854
0.84877,43.8375,0.1877
0.8488700000000001,43.0786,0.1822
0.8490200000000001,43.3882,0.1468
0.84939,45.327,0.3964
0.8496799999999999,43.3361,0.1839
0.84969,43.5368,0.1581
0.85001,43.9768,0.1996
0.85011,43.455,0.1439
0.8502799999999999,43.4851,0.2218
0.85059,43.3353,0.2055
0.8506299999999999,43.4039,0.2086
0.8507399999999999,44.0909,0.265
0.85091,43.4448,0.1451
0.85101,43.4838,0.1816
0.85116,43.4971,0.1556
0.85155,43.3939,0.4319
0.8517899999999999,43.5898,0.145
0.8529899999999999,43.3438,0.14
0.85301,43.3968,0.2118
0.85329,43.4939,0.1672
0.8538399999999999,43.4493,0.1684
0.85416,43.5467,0.1599
0.8553700000000001,45.4995,0.3126
0.8556,43.5237,0.1664
0.8556299999999999,43.5635,0.1365
0.8558899999999999,43.7558,0.1606
0.8567,43.5588,0.1762
0.8568100000000001,43.5498,0.2272
0.85739,45.2115,0.6972
0.85744,43.448,1.2255
0.8574700000000001,42.8681,0.3632
0.8574799999999999,45.43,0.2609
0.8576,43.5173,0.1567
0.85777,43.3862,0.2638
0.85888,43.3596,0.1541
0.8589,43.286,0.1782
0.8590200000000001,43.5314,0.1573
0.8591,43.3427,0.1687
0.8595200000000001,43.5753,0.1558
0.85975,45.6645,0.4198
0.86013,43.3966,0.1763
0.8603700000000001,43.4802,0.1762
0.8606600000000001,43.3669,0.1539
0.86124,43.3701,0.1602
0.8617706941556091,45.1714,0.203
0.8618299999999999,43.6688,0.1645
0.86215,43.5498,0.2479
0.86251,45.8231,0.2594
0.86254,45.5226,0.2462
0.86256,43.3993,0.1633
0.86282,44.6169,0.3391
0.863,45.4381,0.2863
0.8631,43.6152,0.3298
0.86314,45.512,0.2715
0.8632700000000001,43.1935,0.2905
0.86334,43.5208,0.1511
0.8634799999999999,45.7699,0.3085
0.8643299999999999,44.9404,0.2671
0.86479,43.5659,0.1577
0.86503,43.2191,0.1759
0.86531,43.4604,0.175
0.86534,43.5069,0.2156
0.86577,43.4382,0.1362
0.86582,43.7213,0.1703
0.86595,43.3543,0.2103
0.8661,43.2546,0.1421
0.8664700000000001,43.4941,0.1272
0.8665200000000001,43.2474,0.1725
0.86666,43.5106,0.1549
0.86723,45.3897,0.296
0.8675200000000001,43.6835,0.1734
0.8675700000000001,43.302,0.1802
0.8681200000000001,43.3156,0.1906
0.8690200000000001,45.5461,0.3611
0.86923,43.4765,0.2424
0.86987,43.4133,0.2532
0.87023,43.3979,0.1882
0.8703700000000001,43.4755,0.1791
0.87045,43.6735,0.1719
0.87055,44.4888,0.2087
0.87125,43.2452,0.2697
0.8715299999999999,44.885,0.1931
0.87179,43.4195,0.1492
0.87184,43.5837,0.1662
0.87218,43.7845,0.1656
0.8722700000000001,43.3472,0.1437
0.87241,45.5491,0.2496
0.87346,43.2463,0.1687
0.8735799999999999,43.3383,0.1546
0.87397,43.4989,0.2199
0.8741899999999999,46.4923,0.3541
0.87421,43.4218,0.1589
0.87428,43.2948,0.1388
0.87526,43.4164,0.233
0.87575,43.3146,0.1668
0.87589,43.3733,0.158
0.87621,46.0254,0.2866
0.8763,44.4681,0.3752
0.87651,43.249,0.16
0.8766,43.4585,0.1848
0.8766799999999999,43.4943,0.2451
0.87723,45.1055,0.2961
0.8784700000000001,43.4584,0.1776
0.8786299999999999,43.4451,0.2593
0.87877,45.6071,0.3661
0.87892,44.1732,0.2451
0.8790399999999999,43.351,0.1935
0.8793200000000001,43.6299,0.1162
0.8794,43.9108,0.1751
0.87984,43.1524,0.217
0.88026,43.3669,0.2099
0.8806299999999999,45.1494,0.2888
0.8806700000000001,43.7509,0.2075
0.88081,43.344,0.1949
0.88144,43.3118,0.249
0.8816799999999999,43.4654,0.1814
0.8818600000000001,43.6282,0.1609
0.88202,43.3734,0.1665
0.8822200000000001,43.3865,0.1412
0.88264,46.5317,0.4597
0.88274,44.1591,0.2586
0.8828299999999999,43.6559,0.1743
0.88285,45.2743,0.2094
0.8831100000000001,44.7716,0.1998
0.88385,43.5993,0.1785
0.88423,45.6014,0.3082
0.88434,43.4016,0.1742
0.88451,43.3423,0.1593
0.8846700000000001,43.3052,0.2026
0.88479,43.5823,0.1648
0.88487,46.0456,0.3085
0.88536,44.6376,0.3547
0.8855799999999999,45.5818,0.2952
0.8857200000000001,43.6149,0.163
0.88628,44.7215,0.2207
0.8864799999999999,43.8021,0.1754
0.88725,43.5286,0.3107
0.88738,43.5183,0.1636
0.88739,43.4037,0.1982
0.8877799999999999,43.5032,0.3179
0.88787,43.4599,0.1718
0.88799,43.3839,0.1446
0.8880399999999999,46.213,0.364
0.88831,45.855,0.3133
0.8886200000000001,46.3602,0.3763
0.88885,45.5877,0.3783
0.88886,43.6756,0.1759
0.88918,43.6107,0.1616
0.8894200000000001,43.6128,0.2055
0.8896,43.866,0.1851
0.8896200000000001,43.6583,0.2608
0.88965,43.5576,0.1966
0.8897,43.6147,0.2024
0.8897799999999999,43.5668,0.2126
0.8899799999999999,45.7541,0.3731
0.89041,44.6573,0.3189
0.8904200000000001,43.5719,0.2004
0.89044,43.5971,0.3793
0.8904799999999999,45.8766,0.3752
0.8907,45.0109,0.2461
0.89079,43.4608,0.1504
0.89081,43.6226,0.2256
0.8910899999999999,43.4889,0.1592
0.8918299999999999,45.8445,0.3235
0.89205,43.7823,0.2458
0.89212,45.2379,0.3362
0.89217,45.5499,0.2637
0.8922899999999999,43.532,0.1927
0.8929878440429528,46.621,0.3714
0.8936299999999999,43.6937,0.1692
0.8937,45.7853,0.2698
0.89371,43.7715,0.26
0.89392,43.6452,0.1583
0.89397,43.7409,0.1579
0.8940100000000001,43.5974,0.1604
0.89433,45.1824,0.3095
0.8943399999999999,45.8793,0.4438
0.8944799999999999,43.4287,0.1837
0.89487,43.6766,0.1658
0.8955799999999999,43.3636,0.2273
0.8958,43.7469,0.5077
0.89597,43.7044,0.2278
0.8963399999999999,45.0688,0.203
0.8963700000000001,45.6647,0.3117
0.89679,43.4748,0.1517
0.89684,43.4669,0.2244
0.8970299999999999,43.6348,0.1733
0.8970899999999999,44.9296,0.2734
0.8974700000000001,43.296,0.2148
0.8978299999999999,45.0585,0.3248
0.8981899999999999,43.5233,0.1998
0.8982100000000001,44.1349,0.2484
0.8987,45.1721,0.1984
0.8987799999999999,43.817,0.1865
0.8991600000000001,43.6227,0.2369
0.8992899999999999,43.6417,0.1907
0.89931,43.8123,0.2209
0.8995700000000001,43.5011,0.1618
0.8996,43.3861,0.1856
0.89979,44.8146,0.2686
0.89995,43.6672,0.1655
0.9000799999999999,43.5125,0.1663
0.9002,43.6994,0.2139
0.90049,43.5494,0.1735
0.9011899999999999,46.0597,0.3525
0.9012,43.7447,0.1657
0.9013200000000001,43.6315,0.1574
0.90192,45.151,0.2226
0.90266,43.9242,0.1865
0.9032,46.0085,0.2994
0.90325,45.5128,0.2824
0.9032600000000001,43.0571,0.2476
0.90336,43.3917,0.2115
0.90351,44.4875,0.985
0.9039200000000001,45.3264,0.386
0.90412,43.6085,0.1497
0.9041600000000001,44.6043,0.2021
0.9043200000000001,43.7058,0.156
0.90443,44.7319,0.2357
0.90454,44.2028,0.5253
0.90505,43.0989,0.2486
0.9052600000000001,45.875,0.3365
0.9053399999999999,43.1173,0.3755
0.90536,43.7354,0.1488
0.9056799999999999,43.7657,0.2395
0.9059299999999999,43.6345,0.1693
0.90594,45.1567,0.2586
0.9060799999999999,44.9175,0.2043
0.90609,45.0084,0.2242
0.9064399999999999,44.1894,0.1905
0.90697,45.456,0.3234
0.9070299999999999,43.5535,0.2252
0.9070600000000001,43.4846,0.1526
0.90736,43.9512,0.406
0.9081100000000001,43.363,0.1943
0.90823,43.1644,0.3008
0.9083100000000001,44.941,0.7171
0.90909,43.3023,0.2497
0.90927,45.0152,0.2856
0.9093200000000001,43.8733,0.3174
0.9096799999999999,43.784,0.2427
0.90969,43.6714,0.2303
0.9099,43.4111,0.2079
0.90991,43.8377,0.2235
0.90995,43.4289,0.1938
0.9104399999999999,42.856,0.2389
0.91045,43.4661,0.1647
0.9108700000000001,45.7099,0.3226
0.9109299999999999,43.5242,0.1487
0.91117,43.437,0.1529
0.9112600000000001,43.6107,0.1753
0.91128,43.5139,0.1845
0.91154,45.6776,0.3152
0.9116,43.1835,0.253
0.9121,44.7615,0.1981
0.91232,43.237,0.4808
0.91243,45.2451,0.3565
0.91281,43.716,0.3889
0.91294,45.4463,0.9863
0.9129799999999999,43.5621,0.1552
0.91422,44.7625,0.1864
0.9144899999999999,42.9403,0.4004
0.9148200000000001,43.7416,0.1534
0.91504,43.4012,0.1987
0.9151799999999999,43.891,0.2249
0.9154899999999999,43.5334,0.1738
0.91581,43.3616,0.1388
0.9165700000000001,43.4379,0.2214
0.91663,43.4298,0.2139
0.9167200000000001,43.7517,0.3811
0.91695,44.2028,0.2087
0.9169700000000001,43.7088,0.1471
0.917,43.6687,0.1919
0.91704,43.7773,0.2108
0.9176200000000001,43.7794,0.1515
0.91809,43.7315,0.2518
0.91815,45.5997,0.2786
0.9187299999999999,46.4694,0.3626
0.9194700000000001,43.689,0.1738
0.9196799999999999,43.8641,0.2697
0.92012,44.0945,0.3301
0.9204200000000001,43.6236,0.1667
0.9207299999999999,43.6595,0.229
0.92101,43.7052,0.1652
0.92106,43.6008,0.1755
0.92127,45.6517,0.3797
0.9214600000000001,43.6329,0.165
0.9216,43.4773,0.1416
0.92176,45.6648,0.3898
0.92264,43.4044,0.1835
0.9228799999999999,43.5714,0.1528
0.9229299999999999,44.2684,0.2385
0.9230200000000001,45.5693,0.2904
0.9233,46.1243,0.5129
0.9238,44.141,0.1775
0.92417,44.3738,0.5043
0.92424,44.1668,0.1767
0.9247299999999999,46.0104,0.3859
0.9249200000000001,43.8638,0.2415
0.92629,43.2591,0.409
0.92645,43.6476,0.2068
0.9264899999999999,45.6699,0.2911
0.9265200000000001,43.483,0.1825
0.9266399999999999,43.6207,0.1667
0.9269799999999999,46.5347,0.2908
0.92711,44.9252,0.2271
0.92743,43.9725,0.1669
0.92753,43.517,0.1755
0.9277700000000001,43.7293,0.1733
0.92796,45.4969,0.3295
0.9285200000000001,43.7495,0.2415
0.92956,44.1671,0.19
0.92966,43.5292,0.1948
0.92985,42.9135,0.3531
0.93009,43.455,0.1865
0.9305899999999999,43.8883,0.1652
0.93061,43.7181,0.1964
0.9309200000000001,45.832,0.223
0.93095,44.1425,0.4374
0.9312,43.6833,0.1467
0.9313899999999999,45.274,0.2426
0.93142,43.6982,0.189
0.9315700000000001,43.5044,0.2055
0.9316700000000001,45.7448,0.3748
0.9323,43.443,0.1806
0.93314,43.4236,0.3282
0.93324,43.5001,0.1862
0.93337,45.123,0.3122
0.93368,43.6182,0.19
0.93371,46.2404,0.3472
0.93375,44.8121,0.232
0.9338299999999999,43.2901,0.3478
0.9344600000000001,43.8425,0.5458
0.93494,43.4156,0.2145
0.9358799999999999,43.9108,0.237
0.93626,43.8268,0.1892
0.93765,43.9249,0.2134
0.9380799999999999,43.911,0.227
0.93814,43.2113,0.2952
0.9383600000000001,43.5258,0.2538
0.93879,43.4554,0.2235
0.9388,43.6756,0.1623
0.93895,43.6628,0.2056
0.9391700000000001,43.6783,0.204
0.93935,43.2052,0.3107
0.93953,43.3388,0.2007
0.9395399999999999,43.1503,0.4538
0.9396700000000001,45.0857,0.3223
0.94,43.7296,0.1766
0.9402,43.8091,0.2044
0.9402299999999999,43.7499,0.2496
0.94026,43.9768,0.3358
0.94035,43.496,0.2983
0.9404100000000001,44.0809,0.1844
0.9406100000000001,45.6272,0.2638
0.9410200000000001,45.6814,0.2472
0.9414299999999999,43.8495,0.182
0.94171,43.3092,0.2232
0.9417714302256864,43.3753,0.2311
0.94178,43.3139,0.2448
0.94185,43.408,0.329
0.94216,43.6252,0.178
0.94224,44.0693,0.2057
0.94232,43.145,0.3394
0.94247,43.9135,0.2012
0.9424799999999999,43.5935,0.1577
0.9425100000000001,43.7471,0.1777
0.94278,43.8439,0.2477
0.9428700000000001,45.5001,0.3276
0.94304,45.4204,0.2628
0.94309,43.9641,0.2844
0.9437,44.0115,0.3862
0.9439700000000001,45.541,0.3607
0.9441200000000001,45.7037,0.4319
0.9451299999999999,43.689,0.2464
0.94515,43.9984,0.2322
0.94573,43.6757,0.2571
0.9458799999999999,43.7799,0.1788
0.94604,43.6994,0.2233
0.9461,43.3709,0.1923
0.94657,43.5307,0.2099
0.9469200000000001,43.2854,0.2711
0.94694,43.7128,0.1565
0.94716,43.632,0.1652
0.94721,43.7633,0.2324
0.9473799999999999,43.7305,0.1707
0.9474600000000001,43.7312,0.1475
0.94804,46.1048,0.3621
0.9482700000000001,43.0872,0.2765
0.9484299999999999,43.7147,0.1793
0.9486399999999999,43.9539,0.2015
0.9488,45.4866,0.3676
0.94886,43.8085,0.3011
0.94963,43.992,0.2024
0.9497700000000001,44.1375,0.4322
0.95001,45.6685,0.2699
0.9504799999999999,43.9706,0.2115
0.95058,45.5114,0.3271
0.95085,46.0391,0.4079
0.95134,43.625,0.1635
0.95215,43.6984,0.2205
0.95221,43.5524,0.1607
0.9523799999999999,43.8396,0.1839
0.9526,43.4741,0.2229
0.95268,43.5162,0.245
0.95288,43.6797,0.2143
0.95367,44.1857,0.3733
0.95404,43.5648,0.1913
0.95434,45.8512,0.3075
0.95449,43.8275,0.1833
0.95501,44.367,0.2521
0.95567,43.7322,0.2407
0.9557,43.5683,0.2049
0.9557200000000001,43.5565,0.2631
0.9559200000000001,43.9219,0.2031
0.9563299999999999,43.6047,0.1664
0.95663,44.2858,0.2293
0.9567399999999999,44.5051,0.2839
0.95686,45.7423,0.4209
0.9570200000000001,43.7885,0.1605
0.95721,43.5574,0.2528
0.95726,43.4555,0.2022
0.95754,43.8627,0.1774
0.95788,43.7046,0.1727
0.95796,45.2784,0.2523
0.95801,43.9749,0.2034
0.95944,44.6893,0.4964
0.95999,43.7777,0.2209
0.9600799999999999,43.4581,0.1674
0.96031,43.7455,0.2634
0.96049,43.4326,0.1694
0.9605899999999999,43.7085,0.2046
0.9607399999999999,43.8643,0.1918
0.96104,43.9029,0.1653
0.9615299999999999,43.682,0.2201
0.9620799999999999,45.9121,0.3862
0.96214,45.8956,0.6041
0.96224,45.8028,0.3171
0.96247,43.625,0.1277
0.96321,44.1337,0.2873
0.9632700000000001,43.9688,0.1664
0.9632799999999999,43.9772,0.2033
0.9638100000000001,43.9757,0.1738
0.9639,45.8005,0.3633
0.96416,43.673,0.2432
0.96429,44.0227,0.159
0.9646299999999999,43.9853,0.2182
0.9647899999999999,45.6733,0.3708
0.9649700000000001,43.9453,0.3451
0.9652,43.1014,0.2465
0.96605,43.8135,0.1651
0.9664,44.0737,0.3121
0.96677,43.9845,0.1851
0.9671200000000001,44.1097,0.2892
0.96716,46.1195,0.5121
0.9671799999999999,43.8371,0.1789
0.96795,43.7726,0.2152
0.96801,43.5773,0.9806
0.96816,43.7696,0.1684
0.96824,43.9907,0.1788
0.9682799999999999,43.4399,0.1704
0.96895,44.0073,0.2017
0.9692135453722308,44.5566,0.1982
0.9692200000000001,43.8243,0.2228
0.9694,43.4299,0.2487
0.96959,43.4304,0.161
0.96986,44.4304,0.2739
0.9699700000000001,43.946,0.1709
0.97025,43.5271,0.3715
0.97036,43.8178,0.1934
0.9703799999999999,44.2676,0.208
0.97039,44.4355,0.4545
0.97062,43.654,0.2668
0.97067,43.7464,0.1963
0.97115,43.7835,0.1833
0.9714200000000001,44.6492,0.3039
0.9714299999999999,44.814,0.2653
0.97164,43.7092,0.3446
0.9717899999999999,43.6305,0.1596
0.97193,43.9395,0.307
0.9719899999999999,43.9181,0.2858
0.9721299999999999,45.5968,0.4396
0.97214,43.7589,0.2441
0.9721799999999999,43.6832,0.1989
0.9724,43.8384,0.2663
0.97321,43.8805,0.1672
0.9732799999999999,43.9316,0.2223
0.97335,43.7097,0.1764
0.9737899999999999,43.8598,0.2281
0.97406,45.0267,0.2572
0.97445,45.7549,0.3123
0.9745299999999999,43.666,0.1934
0.97488,43.9869,0.4266
0.97521,43.8709,0.1564
0.9753,43.741,0.187
0.9758899999999999,44.1646,0.301
0.9760200000000001,43.5928,0.5157
0.9763799999999999,43.8288,0.217
0.9773700000000001,45.2535,0.2848
0.97865,44.1372,0.2046
0.97872,43.7924,0.3163
0.97909,43.8269,0.1959
0.97939,44.752,0.1859
0.97977,43.8978,0.1658
0.98034,43.9739,0.1981
0.98045,44.2218,0.1934
0.9805799999999999,44.0697,0.3045
0.9808,43.7509,0.2628
0.9808399999999999,43.9522,0.1945
0.9819899999999999,43.7756,0.1935
0.98219,43.8787,0.228
0.9825,43.9923,0.3082
0.98267,43.428,0.1828
0.9828,43.9581,0.1987
0.98326,43.7019,0.1491
0.98331,43.7985,0.242
0.98334,43.3128,0.3558
0.98357,46.3158,0.4012
0.98361,43.8532,0.197
0.98426,43.6622,0.2116
0.9843,43.726,0.167
0.9848100000000001,43.703,0.3876
0.9849600000000001,43.8162,0.2769
0.98515,43.6561,0.1843
0.98524,43.4933,0.2186
0.98536,43.6764,0.317
0.98541,43.8084,0.2467
0.98555,45.0089,0.5598
0.98585,43.9838,0.1801
0.9865299999999999,43.7886,0.1916
0.98656,46.4116,0.4
0.9866,44.1145,0.2256
0.98825,43.751,0.2102
0.9885200000000001,43.6913,0.1231
0.9888899999999999,43.9009,0.2147
0.98951,43.8427,0.1668
0.98962,43.5186,0.2019
0.98966,43.7993,0.2757
0.98987,43.9397,0.1672
0.9898899999999999,43.6293,0.347
0.9899600000000001,44.4266,0.2615
0.9900100000000001,44.0425,0.2119
0.9901700000000001,43.7003,0.1746
0.9905200000000001,43.7401,0.198
0.9908399999999999,45.2306,0.2668
0.9909899999999999,43.4511,0.1726
0.9911700000000001,43.7034,0.1666
0.99118,43.6858,0.1691
0.99139,45.0676,0.2346
0.9918299999999999,44.7254,0.2085
0.99225,43.7697,0.1799
0.9923299999999999,43.81,0.193
0.9927299999999999,44.1614,0.2088
0.99311,44.5917,0.2838
0.9931200000000001,44.1028,0.2025
0.9938,44.3342,0.3967
0.99398,43.7671,0.1762
0.99405,43.9507,0.2108
0.9941700000000001,43.8864,0.2186
0.9948799999999999,43.7429,0.2131
0.9948899999999999,43.854,0.2011
0.9951151157594956,45.9862,0.3237
0.99515,43.9916,0.1728
0.9953046632407379,43.843,0.2401
0.9954,44.3848,0.2201
0.99561,45.287,0.223
0.99565,43.7075,0.2061
0.9958100000000001,43.9081,0.2276
0.9960200000000001,45.1495,0.2946
0.99615,44.1051,0.1317
0.99625,43.4667,0.3566
0.99636,43.7051,0.1851
0.99664,45.1241,0.2494
0.99697,43.5862,0.2114
0.9979299999999999,43.4767,0.3278
0.99802,43.8676,0.1894
0.99839,43.8434,0.2208
0.9988799999999999,43.7057,0.2181
0.9990899999999999,43.654,0.1677
0.99913,43.6734,0.1633
0.99916,44.4126,0.2954
0.9993200000000001,43.6093,0.213
0.99956,43.5715,0.2411
0.9998100000000001,45.7214,0.3354
0.99982,44.0808,0.4354
0.9999,45.0557,0.2487
0.9999899999999999,43.9841,0.2916
1.00032,44.0105,0.2511
1.00104,43.9476,0.2408
1.0013100000000001,43.8735,0.2073
1.00158,43.7566,0.1971
1.00168,43.7733,0.1732
1.00169,44.0163,0.3014
1.00173,43.5359,0.3119
1.00176,43.591,0.308
1.00179,43.6459,0.1762
1.0018799999999999,43.9772,0.3247
1.00301,43.848,0.6786
1.0030299999999999,43.8715,0.1808
1.00335,44.4338,0.2778
1.00346,43.8417,0.1613
1.00348,44.0731,0.1675
1.0039,43.8486,0.1824
1.00394,43.8198,0.1701
1.00547,44.1045,0.1752
1.0056,44.297,0.2797
1.0057399999999999,43.8071,0.197
1.00578,44.1217,0.2927
1.00591,43.219,0.3466
1.00594,43.7603,0.4604
1.00624,44.3399,0.2662
1.00645,43.6691,0.2216
1.0064859814885978,43.5372,0.2035
1.00736,43.7517,0.2729
1.00787,43.825,0.1705
1.0081200000000001,44.0761,0.2118
1.00835,43.5102,0.2066
1.0085600000000001,43.7853,0.3226
1.00878,44.0889,0.3732
1.0089299999999999,43.9745,0.2791
1.00947,44.6624,0.5093
1.00993,43.4969,0.3034
1.01054,43.6668,0.2695
1.0106899999999999,44.3846,0.3748
1.01094,43.8212,0.2073
1.01102,43.3459,0.3406
1.0110700000000001,44.0501,0.2969
1.01119,44.0024,0.2589
1.01249,44.0674,0.2605
1.01278,43.6173,0.4135
1.01304,43.7488,0.2868
1.01314,43.9222,0.2456
1.0133299999999998,44.4414,0.4751
1.01379,44.6008,0.3707
1.01416,43.7839,0.2585
1.01437,44.1126,0.3033
1.01444,43.8743,0.2151
1.01492,43.4759,0.2294
1.01501,43.9023,0.3761
1.01502,44.1716,0.2821
1.01547,44.1487,0.2436
1.01573,44.016,0.3776
1.01619,44.154,0.4108
1.01663,43.5673,0.2435
1.01752,46.1481,0.5323
1.0177399999999999,44.0156,0.2869
1.01789,44.3191,0.2749
1.01814,43.8418,0.3167
1.0185600000000001,44.2618,0.3533
1.01878,43.6732,0.1598
1.01888,43.747,0.3709
1.01922,43.7669,0.6881
1.01932,44.2076,0.2845
1.01947,43.8271,0.2224
1.01955,43.8669,0.2209
1.01963,44.0732,0.2803
1.0202200000000001,43.9849,0.2876
1.02063,44.2646,0.253
1.02075,45.1525,0.4825
1.02098,44.2045,0.3395
1.0217200000000002,43.6271,0.36
1.0222,43.8353,0.2247
1.02312,44.1316,0.3854
1.02346,43.7954,0.3415
1.0237399999999999,44.4293,0.2576
1.02449,44.3694,0.2979
1.02461,43.8601,0.2552
1.0249,45.3903,0.4632
1.0250299999999999,44.0986,0.3675
1.02541,43.8876,0.4065
1.02555,43.6878,0.2241
1.02558,44.3205,0.3101
1.0256,44.5143,0.4073
1.0256299999999998,43.8513,0.2354
1.02611,44.1837,0.3132
1.0265799999999998,44.675,0.3837
1.02691,44.2797,0.4055
1.02692,43.0852,0.5069
1.02718,43.8116,0.3164
1.02762,44.0739,0.3605
1.02836,43.4822,0.5601
1.02852,44.1117,0.3781
1.02864,43.4374,0.3405
1.0287318033055206,45.0422,0.3238
1.02882,44.0079,0.3007
1.02904,43.9743,0.3858
1.02936,44.1056,0.2502
1.0295,44.1262,0.3634
1.03017,44.0943,0.4062
1.03034,43.6278,0.2911
1.0304,44.442,0.3299
1.03061,43.4745,0.3524
1.03081,43.9121,0.3075
1.03147,43.9127,0.278
1.0321,43.8058,0.2213
1.03296,44.2527,0.3708
1.03326,44.5803,0.2795
1.03388,43.4585,0.4005
1.03426,43.9208,0.2362
1.03453,44.6155,0.5467
1.03464,43.9938,0.3668
1.03485,44.5117,0.4388
1.0349,44.0744,0.4235
1.03496,43.8358,0.2852
1.03504,44.2289,0.2772
1.03601,43.2499,0.4306
1.03621,43.8548,0.4374
1.03635,44.3916,0.274
1.03682,45.2938,0.4957
1.0369700000000002,44.1737,0.3625
1.0371312803788855,43.7541,0.4356
1.03719,44.1661,0.3046
1.03731,43.8787,0.2715
1.03758,44.8597,0.4891
1.0381,43.9669,0.3916
1.0381200000000002,43.2689,0.4192
1.03836,44.3701,0.2209
1.03839,44.0416,0.4046
1.03849,43.8231,0.3156
1.03919,43.9494,0.2774
1.03931,44.3455,0.3491
1.0398100000000001,44.2601,0.2282
1.03986,43.1868,0.4232
1.04,43.806,0.3964
1.04045,43.9291,0.2805
1.04049,43.6571,0.2425
1.04065,44.3372,0.3024
1.0408600000000001,44.303,0.3334
1.0412,44.0662,0.249
1.0415299999999998,43.6707,0.2174
1.0417,44.6806,0.3427
1.04187,43.4152,0.2583
1.04225,43.9628,0.3293
1.04259,44.1115,0.2501
1.04267,45.2043,0.3689
1.0431700000000002,44.9327,0.4509
1.0432299999999999,44.1786,0.2491
1.04377,44.1615,0.2602
1.04398,43.803,0.5184
1.0454,44.0172,0.2117
1.04589,43.8787,0.3336
1.04607,44.1028,0.4198
1.04611,44.0912,0.2812
1.04626,43.8342,0.3668
1.04629,43.8551,0.3735
1.04631,44.551,0.4209
1.04734,44.1307,0.1355
1.04811,43.3955,0.3495
1.04814,43.8977,0.2518
1.04823,43.8408,0.2284
1.0484799999999999,43.6257,0.2562
1.0488899999999999,43.6401,0.4208
1.04939,43.9519,0.3672
1.04959,43.5159,0.3728
1.04992,44.3878,0.463
1.0504799999999999,44.3755,0.3833
1.0506,44.652,0.5036
1.05074,43.6093,0.3633
1.05158,44.2982,0.3774
1.05159,44.239,0.2695
1.05167,44.057,0.248
1.05176,43.3867,0.2979
1.0524200000000001,45.0238,0.4374
1.05245,43.9094,0.1967
1.05265,43.9205,0.27
1.05274,44.0452,0.2897
1.05298,43.9937,0.5625
1.05302,43.7077,0.3508
1.0532,43.8918,0.2702
1.05334,43.8503,0.3873
1.05418,43.7394,0.2021
1.0546200000000001,43.9213,0.174
1.05505,44.0612,0.3042
1.05521,44.3536,0.2667
1.05525,44.3342,0.2765
1.05551,44.9637,0.3554
1.05571,43.4525,0.343
1.05586,43.8027,0.2228
1.05633,43.81,0.2351
1.0565583930444271,43.9568,0.2398
1.0571700000000002,44.8941,0.2576
1.0572700000000002,43.6312,0.2486
1.05759,44.0101,0.2298
1.05761,44.2081,0.4075
1.05774,44.4347,0.2656
1.05815,44.0719,0.2878
1.05881,44.6901,0.1221
1.05897,44.0757,0.2325
1.05898,43.9693,0.2473
1.05984,44.5825,0.2632
1.06013,43.7867,0.2622
1.06016,44.0609,0.2948
1.0606200000000001,44.4498,0.4118
1.06112,44.0377,0.2431
1.06113,43.145,0.4648
1.06116,44.1617,0.2645
1.06126,44.7249,0.5647
1.0612841278872074,43.8165,0.254
1.06138,43.9562,0.2146
1.06175,44.0577,0.2127
1.0619399999999999,44.2644,0.2319
1.0622,43.8242,0.2781
1.06223,44.4681,0.2812
1.0632700000000002,44.3638,0.2196
1.06341,43.8565,0.3286
1.0638,43.9579,0.2517
1.06392,44.0154,0.3715
1.06505,44.0074,0.3745
1.06536,44.1373,0.2552
1.06629,44.5299,0.2868
1.06665,44.2633,0.3985
1.0667,43.7235,0.3972
1.06701,43.7307,0.3134
1.06728,43.4907,0.3212
1.06734,44.1867,0.2184
1.06748,44.2215,0.2831
1.06835,43.6217,0.3975
1.06857,43.7963,0.2744
1.06903,45.0281,0.4473
1.0690899999999999,43.8211,0.3075
1.06932,43.8602,0.3294
1.0705200000000001,44.0219,0.2841
1.07071,43.9754,0.4196
1.0709,44.0512,0.2989
1.07103,44.3594,0.3695
1.07158,44.1776,0.3575
1.0717299999999998,45.1171,0.4244
1.0723,44.8543,0.3301
1.0724646958280788,44.5918,0.3053
1.07271,44.9071,0.3834
1.07341,43.8058,0.2538
1.07364,43.926,0.3451
1.07417,43.2838,0.4516
1.07449,45.4147,0.6641
1.0746,43.6236,0.2895
1.07515,44.325,0.2233
1.07528,43.6084,0.3441
1.0755299999999999,44.1871,0.2126
1.07586,44.2131,0.2174
1.0759999999999998,44.4433,0.2682
1.07618,44.1034,0.3383
1.07689,44.0234,0.3139
1.07712,44.3451,0.3356
1.07744,44.2691,0.3236
1.07766,44.1261,0.2516
1.07851,43.7754,0.2403
1.07928,43.8551,0.4067
1.0796299999999999,43.7742,0.2718
1.07974,44.4115,0.2827
1.07986,43.8988,0.3025
1.07988,44.0911,0.2625
1.07991,44.1648,0.3651
1.08067,44.2188,0.2653
1.08107,43.8229,0.4866
1.08136,44.0401,0.2484
1.0822,43.8122,0.3414
1.08361,43.9636,0.2262
1.0836299999999999,43.9501,0.3007
1.08378,44.12,0.317
1.08397,44.274,0.2721
1.0840100000000001,44.2764,0.2369
1.0846200000000001,44.014,0.2503
1.08466,43.9749,0.3549
1.0857299999999999,44.1646,0.2588
1.08626,44.2387,0.2871
1.0867799999999999,43.8692,0.2566
1.08712,44.0635,0.4275
1.08718,44.1282,0.3063
1.0873,44.0731,0.2962
1.08754,43.9967,0.2653
1.08769,44.1796,0.3018
1.088,44.158,0.2863
1.08802,44.4465,0.3048
1.08912,43.7908,0.2422
1.08985,44.342,0.259
1.0900100000000001,44.7478,1.895
1.09036,44.2462,0.2354
1.09109,45.1742,0.3045
1.09151,44.1214,0.3133
1.09168,43.8558,0.2904
1.0917,45.5697,0.4796
1.09207,44.0133,0.2955
1.09241,44.1978,0.3434
1.0924200000000002,44.2959,0.4599
1.0927200000000001,43.492,0.3797
1.09287,44.008,0.2646
1.09309,44.8164,0.2819
1.09342,44.118,0.3085
1.09362,44.3178,0.2376
1.09426,44.7359,0.285
1.09446,44.5892,0.292
1.09469,44.4739,0.2714
1.09521,43.9463,0.2875
1.0952923044606457,44.2468,0.2211
1.09582,44.0158,0.2534
1.09586,44.0067,0.302
1.0959,44.2313,1.7995
1.0963200000000002,43.8121,0.2787
1.09633,43.5559,0.3581
1.09641,43.0682,0.4243
1.097,44.5518,0.3418
1.0972600000000001,44.386,0.5034
1.09732,44.4096,0.309
1.09838,45.8553,0.3758
1.09859,45.5955,0.3808
1.09864,44.0581,0.3259
1.0994700000000002,44.6728,0.4242
1.0998,44.1842,0.277
1.0999,44.0829,0.3285
1.1003100000000001,45.343,0.3075
1.1004,44.3782,0.2468
1.10048,44.3373,0.3437
1.10087,43.9008,0.3791
1.1008799999999999,44.6472,0.408
1.10089,44.0104,0.2534
1.1009,44.455,0.2439
1.10165,43.9873,0.332
1.10188,44.4793,0.442
1.1019700000000001,45.5535,0.275
1.1026,44.4285,0.3878
1.10277,44.7655,0.3312
1.10354,43.9713,0.2634
1.1036700000000002,44.5224,0.3269
1.10396,43.8664,0.3695
1.10409,44.4754,0.3332
1.10415,44.3258,0.2603
1.10461,44.1861,0.2642
1.10494,44.7779,0.2472
1.10496,44.0075,0.2896
1.1055,44.4227,0.2731
1.10588,43.8591,0.5037
1.1065,44.7269,0.3291
1.1071,44.1068,0.278
1.10727,44.2076,0.2418
1.10785,44.6076,0.2857
1.10804,44.0783,0.2518
1.1081,44.2223,0.3483
1.1081299999999998,43.8577,0.3397
1.10836,44.4757,0.2985
1.1085,45.3018,0.3697
1.1087799999999999,43.9254,0.3671
1.10904,43.9691,0.2433
1.1092600000000001,44.1176,0.3912
1.10938,44.0299,0.2571
1.10986,44.0597,0.3169
1.1101299999999998,44.8115,0.5115
1.11024,43.8889,0.6675
1.11047,43.6591,0.2968
1.11053,45.1418,0.3365
1.1108,44.3312,0.258
1.11101,44.4693,0.2416
1.11105,43.497,0.3218
1.11131,44.0914,0.334
1.11141,43.6597,0.2634
1.11228,43.9654,0.3756
1.1129200000000001,43.7813,0.2881
1.11306,44.4665,0.3912
1.1130799999999998,43.9545,0.3226
1.11322,44.1971,0.318
1.11358,44.0321,0.4484
1.11416,43.7773,0.3285
1.11422,44.6686,0.2936
1.11437,44.1888,0.345
1.1144,45.3904,0.3848
1.1145,43.7499,0.2341
1.11475,45.0663,0.3518
1.1147799999999999,44.5763,0.4041
1.11511,44.0048,0.3312
1.11535,44.0941,0.3543
1.11541,44.4391,0.3135
1.1156700000000002,45.1326,0.363
1.11601,43.941,0.3038
1.11632,44.4798,0.311
1.1167,44.1207,0.3413
1.11727,44.0549,0.2708
1.11737,44.2769,0.2942
1.11742,45.0618,0.2572
1.11811,44.2517,0.2707
1.11816,45.1091,0.4817
1.11824,43.7497,0.3213
1.1185100000000001,43.5252,0.3981
1.1194600000000001,44.1973,0.3727
1.11985,44.3282,0.4565
1.12014,43.8268,0.3528
1.12022,44.1283,0.4391
1.1202299999999998,44.3923,0.2427
1.12029,44.4726,0.2813
1.1211799999999998,44.2165,0.2957
1.12247,44.5208,0.3021
1.1226200000000002,43.9981,0.3192
1.123,44.517,0.3315
1.12316,44.2202,0.2587
1.12355,44.1323,0.2781
1.1236899999999999,44.0488,0.224
1.12378,45.5616,0.3566
1.12409,44.2296,0.3974
1.12478,44.0458,0.4508
1.12493,43.8461,0.2402
1.1251,44.7569,0.4936
1.12521,44.3564,0.257
1.1253799999999998,44.635,0.3099
1.1255899999999999,43.9064,0.254
1.12574,44.5784,0.3749
1.12609,43.9074,0.3477
1.1264299999999998,44.4343,0.3467
1.12657,44.2786,0.2609
1.12678,43.8337,0.266
1.12705,43.9619,0.2765
1.1271,44.4884,0.3181
1.1280299999999999,44.148,0.2716
1.12827,44.2463,0.2518
1.12848,43.9488,0.2661
1.12904,44.3326,0.4241
1.12925,43.2994,0.5073
1.12955,44.6708,0.2719
1.13039,44.4706,0.4378
1.1305100000000001,44.1003,0.3013
1.1306399999999999,44.491,0.3926
1.13068,44.1544,0.263
1.13075,44.1001,0.4314
1.1330200000000001,44.3249,0.3298
1.133410765149014,43.771,0.3195
1.13354,44.1972,0.3432
1.13372,44.1244,0.4115
1.13458,44.0017,0.254
1.13471,44.4122,0.3689
1.13503,44.3781,0.2875
1.1354799999999998,43.9012,0.2399
1.1357899999999999,44.4092,0.2575
1.13691,44.2621,0.2427
1.137,44.3945,0.2345
1.13735,44.1978,0.2929
1.13742,44.5292,0.3932
1.1374547741888774,45.8176,0.3741
1.13782,44.4109,0.4096
1.1379299999999999,43.8011,0.3759
1.13916,44.3546,0.3339
1.13933,44.2198,0.2331
1.1395600000000001,44.0949,0.3039
1.13964,43.9745,0.2627
1.1402,44.2246,0.29
1.14029,44.4772,0.364
1.14052,44.1442,0.2708
1.1423299999999998,43.9625,0.2677
1.14344,44.852,0.4237
1.1437899999999999,44.0887,0.2733
1.14393,44.8428,0.4836
1.14395,44.4356,0.4992
1.14473,44.7181,0.2994
1.14525,44.2695,0.299
1.14592,43.7996,0.295
1.1464299999999998,44.9168,0.5083
1.14668,44.8191,0.4232
1.14693,44.6571,0.4028
1.14701,44.5076,0.3243
1.14751,44.4124,0.2765
1.1475899999999999,45.213,0.4922
1.14768,44.3708,0.3087
1.1481299999999999,43.7968,0.4075
1.14852,44.811,0.3008
1.1492200000000001,44.3437,0.343
1.14935,44.2632,0.424
1.1501,44.236,0.3242
1.15121,43.832,0.2469
1.15161,44.1199,0.29
1.1526399999999999,45.5083,0.4548
1.15353,44.1541,0.3413
1.15445,44.4914,0.375
1.15495,43.8771,0.3424
1.15529,44.4633,0.305
1.15619,44.3357,0.2952
1.15685,44.3163,0.4518
1.15745,43.548,0.4477
1.1576,44.1459,0.3754
1.15772,43.9449,0.2696
1.15831,43.6654,0.4841
1.15893,44.3832,0.3042
1.15906,44.0664,0.316
1.15937,43.9142,0.2689
1.16046,44.1606,0.315
1.16126,44.1571,0.2736
1.1625,44.3088,0.3373
1.16262,44.4504,0.2569
1.16282,43.9941,0.3657
1.16307,44.0404,0.3258
1.16324,44.0973,0.3175
1.1633200000000001,44.0812,0.256
1.1636799999999998,44.7122,0.3529
1.1637,45.3703,0.5199
1.16383,43.6398,0.3052
1.16428,44.3538,0.3651
1.1643,44.4643,0.2848
1.1645,44.1662,0.2779
1.1649399999999999,44.0154,0.2866
1.16546,44.6257,0.3802
1.16611,44.436,0.3757
1.16629,44.1767,0.2494
1.1674796331092336,44.4984,0.3511
1.16777,44.4445,0.2791
1.1679700000000002,44.026,0.3083
1.1683,44.8278,0.3142
1.16857,44.4885,0.3013
1.16931,44.428,0.3836
1.1706,43.4112,0.3621
1.17088,44.5953,0.2918
1.1711799999999999,45.3379,0.5617
1.17127,45.6711,0.3401
1.1715,44.1704,0.2089
1.17172,44.0285,0.2178
1.17218,44.3028,0.3088
1.17232,44.2585,0.2774
1.17266,44.1083,0.3259
1.1736,43.8619,0.2767
1.17365,44.3856,0.3191
1.17438,44.0525,0.3134
1.17461,44.6365,0.3412
1.17482,44.1124,0.3468
1.1750449766898288,44.1808,0.2895
1.17553,43.8226,0.2733
1.17564,44.0937,0.2692
1.1759700000000002,44.4901,0.261
1.1764,44.4269,0.3177
1.1766,44.0476,0.3302
1.17729,44.31,0.2842
1.1797,44.4175,0.2602
1.17977,44.1586,0.3941
1.17987,44.4153,0.2989
1.18154,44.5659,0.2588
1.18226,44.9935,0.3895
1.18279,44.7023,0.3305
1.18347,45.1936,0.4157
1.18431,44.6458,0.3475
1.18439,43.6883,0.3609
1.18489,44.3424,0.3794
1.18579,44.1188,0.3528
1.1860899999999999,43.8081,0.2885
1.1866,44.7874,0.2893
1.18671,45.5524,0.4112
1.18687,44.2852,0.309
1.1886700000000001,43.8646,0.2447
1.18927,44.4927,0.2495
1.19144,44.8322,0.4858
1.19165,44.336,0.4045
1.19166,44.611,0.2596
1.19185,44.5634,0.279
1.1919,44.5281,0.3735
1.19298,44.3051,0.4205
1.19356,44.3511,0.2896
1.19403,44.3272,0.2942
1.1944299999999999,44.5691,0.2741
1.19452,44.8513,0.2855
1.19537,44.6306,0.2588
1.19561,43.9084,0.3791
1.19735,44.9219,0.4083
1.19792,44.2944,0.293
1.19802,44.9242,0.3123
1.1981,44.1828,0.3063
1.19813,44.2574,0.2695
1.2001700000000002,44.7344,0.2971
1.20076,44.0539,0.3428
1.20238,44.3979,0.3531
1.20374,45.31,0.3324
1.20389,44.3234,0.3577
1.2040600000000001,44.8122,0.3335
1.2049,44.2429,0.3529
1.20497,44.7185,0.2646
1.20516,44.1737,0.278
1.2065700000000001,43.7839,0.2899
1.20708,44.2484,0.4295
1.20709,43.9205,0.4284
1.20754,43.9881,0.319
1.20787,44.6578,0.3013
1.2081,43.7583,0.3028
1.20912,44.8524,0.4164
1.20949,43.9789,0.3086
1.20964,44.7096,0.3784
1.20997,45.0181,0.3336
1.21061,44.2667,0.2989
1.21074,43.9619,0.2973
1.21117,45.6374,0.4266
1.21119,44.2135,0.3886
1.21169,44.0171,0.5813
1.2151399999999999,44.4109,0.3203
1.21602,44.4693,0.3085
1.21638,44.3753,0.3965
1.21648,44.4368,0.3421
1.21676,44.6613,0.3465
1.2168,44.4355,0.6672
1.21696,44.2081,0.3576
1.21698,44.4636,0.3184
1.2174200000000002,43.8638,0.228
1.2181600000000001,44.402,0.3235
1.2191,44.1494,0.3425
1.21946,44.7955,0.3714
1.21977,44.9409,0.4049
1.22032,44.545,0.3761
1.22069,44.1383,0.3586
1.2208299999999999,44.0361,0.3052
1.22329,44.818,0.4406
1.22359,43.9455,0.4473
1.2242600000000001,44.5083,0.4139
1.22501,43.8943,0.3907
1.22505,44.3897,0.4063
1.2252299999999998,44.8681,0.3576
1.22643,44.352,0.2463
1.22651,44.829,0.4361
1.2288,44.2917,0.2391
1.2299,45.2716,0.3748
1.2313100000000001,44.4254,0.37
1.23184,44.5979,0.297
1.23191,44.1417,0.5473
1.23254,43.9593,0.376
1.23288,44.761,0.4114
1.23299,44.4254,0.3179
1.234270015188733,44.3571,0.4256
1.23442,44.7589,0.3484
1.23505,44.7957,0.3542
1.23625,43.9515,0.4241
1.23643,44.104,0.2949
1.2378799999999999,44.8463,0.392
1.23789,44.3275,0.2635
1.23866,44.3215,0.299
1.2389700000000001,44.7975,0.4877
1.23939,45.4024,0.2648
1.24058,44.004,0.3311
1.2426700000000002,44.6408,0.302
1.24273,43.8176,0.4402
1.24289,44.3614,0.3397
1.24336,44.3262,0.3652
1.24383,44.0987,0.517
1.24475,45.2372,0.4093
1.24605,44.2648,0.3218
1.24609,44.4769,0.4062
1.2463899999999999,44.8165,0.3618
1.24654,44.3746,0.2829
1.2483600000000001,44.8358,0.4106
1.24878,44.4188,0.3655
1.2498,45.2196,0.4006
1.24986,44.4835,0.3889
1.25004,44.7357,0.2611
1.2508299999999999,44.4352,0.518
1.25127,44.2448,0.3534
1.2518200000000002,45.9734,0.4421
1.25185,44.7847,0.3004
1.2533,44.6638,0.3274
1.25366,43.9995,0.3781
1.25425,44.7248,0.3276
1.25481,44.7464,0.404
1.2552,44.0369,0.3716
1.25589,43.8651,0.3161
1.2581,43.981,0.1341
1.25993,44.2517,0.4218
1.26035,44.2499,0.3927
1.26094,44.1651,0.3775
1.26262,45.184,0.4576
1.26295,45.6488,0.389
1.26301,44.0692,0.4434
1.26306,44.2784,0.3662
1.26332,44.8332,0.4797
1.26426,44.4836,0.3398
1.26443,44.5714,0.4416
1.26445,44.1153,0.3556
1.2652700000000001,44.6424,0.5021
1.2662,44.8758,0.3442
1.2662200000000001,44.2894,0.3574
1.26644,44.0982,0.3314
1.26651,44.2686,0.3149
1.26874,44.1212,0.4532
1.26966,44.3824,0.3811
1.2698200000000002,44.3351,0.2976
1.27072,44.0093,0.3561
1.27073,45.9352,0.4976
1.27084,44.4594,0.3327
1.2712299999999999,44.0345,0.3829
1.27253,43.2488,0.3566
1.27312,44.0082,0.3795
1.27345,45.1387,0.3866
1.27459,44.5183,0.3728
1.2757,44.0984,0.5834
1.27603,44.6989,0.3361
1.2768700000000002,44.534,0.3063
1.27765,44.3202,0.3277
1.278,45.0313,0.4266
1.28,45.119,0.3932
1.2805600000000001,44.4756,0.569
1.2806,44.5844,0.3645
1.28082,44.6088,0.3524
1.28085,44.8862,0.4094
1.28131,45.2722,0.33
1.28169,45.4694,0.3353
1.28187,44.9665,0.3738
1.28265,44.6326,0.5469
1.2826600000000001,45.1109,0.4631
1.28688,44.8733,0.3121
1.28804,44.9606,0.4596
1.2899,43.6889,0.7292
1.29046,44.7945,0.4042
1.2912,44.7296,0.426
1.2922200000000001,44.4452,0.3403
1.29314,44.475,0.4441
1.29426,44.775,0.4613
1.2945200000000001,44.3769,0.4058
1.29461,44.7856,0.3311
1.29469,45.0137,0.3888
1.29731,44.2134,0.3969
1.29792,45.1275,0.7034
1.2985200000000001,44.0699,0.3492
1.29903,44.6727,0.3861
1.2990899999999999,44.3138,0.3543
1.30056,44.6564,0.4472
1.3008,45.4641,0.5643
1.3022200000000002,45.0347,0.3989
1.3029700000000002,44.2967,0.4159
1.30331,44.2638,0.3033
1.30369,44.7777,0.2512
1.30389,44.8855,0.4837
1.30399,45.1492,0.5039
1.30408,44.6381,0.3434
1.30502,44.2049,0.3157
1.30786,44.762,0.4507
1.30866,44.9437,0.447
1.30971,45.1428,0.3552
1.31176,44.4754,0.3651
1.31208,44.3388,0.3179
1.3124,45.0371,0.2992
1.31378,44.2824,0.3671
1.31429,44.546,0.3165
1.31691,45.1717,0.3684
1.31907,45.1391,0.4479
1.3201100000000001,44.5895,0.3715
1.32043,44.4723,0.395
1.32189,44.742,0.3601
1.32206,44.3304,0.3036
1.32209,44.628,0.3638
1.32237,45.1902,0.5303
1.32338,44.908,0.2982
1.32405,44.7457,0.4406
1.327,44.1541,0.3446
1.32863,45.0149,0.384
1.32939,43.5499,0.4614
1.3349,44.9433,0.3181
1.33576,44.322,0.3728
1.3357700000000001,44.6988,0.3318
1.3378700000000001,44.6988,0.5041
1.33806,44.4986,0.2808
1.33877,44.7806,0.648
1.34103,44.5479,0.3042
1.34148,44.1646,0.3378
1.34182,44.5247,0.2901
1.34238,44.2357,0.3626
1.34335,44.5468,0.4966
1.34591,45.1009,0.4561
1.34799,44.6905,0.3531
1.34857,45.4852,0.4873
1.3494,44.969,0.37
1.35035,44.5774,0.3537
1.35232,44.5826,0.2538
1.3563,45.2391,0.3536
1.35661,44.1762,0.2893
1.35681,44.4553,0.5324
1.35764,45.0697,0.431
1.3579700000000001,44.6884,0.3546
1.3600299999999999,45.4688,0.4227
1.3612,45.7169,0.3075
1.3632799999999998,44.1549,0.3359
1.36446,44.923,0.3007
1.36491,44.559,0.2435
1.3654899999999999,44.5398,0.3417
1.36561,45.16,0.5092
1.36681,44.3499,0.48
1.37238,45.7846,0.5138
1.3730799999999999,44.7295,0.3552
1.37361,44.397,0.5324
1.3739,44.7239,0.4278
1.3746200000000002,44.7846,0.451
1.3769200000000001,44.9742,0.3095
1.3775600000000001,44.391,0.3399
1.37835,44.5868,0.3732
1.3787,45.174,0.4003
1.3789,44.717,0.4023
1.37992,44.6594,0.3265
1.38163,44.7585,0.3935
1.38329,45.1821,0.441
1.3840299999999999,45.009,0.3182
1.39096,45.4518,0.4105
1.3937700000000002,44.414,0.3989
1.3939700000000002,45.1762,0.3813
1.39448,44.4842,0.2965
1.40031,44.4321,0.3533
1.4018,44.5925,0.3652
1.4027399999999999,45.2363,0.3788
1.40314,45.1595,0.3575
1.40747,44.331,0.439
1.40924,45.5694,0.399
1.41108,44.8969,0.2999
1.4127,43.9308,0.3904
1.41659,44.699,0.3587
1.42,44.3436,0.4476
1.4201,44.8747,0.2736
1.4217600000000001,46.9381,0.5642
1.4270200000000002,44.5643,0.3897
1.4285700000000001,44.9066,0.2736
1.42947,45.2804,0.4295
1.44174,44.7013,0.5352
